cust_id,recency,customer_tenure_in_days,num_camp_success,response_last_campaign,webvisits,complain
1,58,665,0,1,7,0
2,38,115,0,0,5,0
3,26,314,0,0,4,0
4,26,141,0,0,6,0
5,94,163,0,0,5,0
6,16,295,0,0,6,0
7,34,595,0,0,6,0
8,32,419,0,0,8,0
9,19,390,0,1,9,0
10,68,110,1,0,20,0
11,59,595,0,0,8,0
12,82,228,0,0,2,0
13,53,228,0,0,6,0
14,38,629,0,0,8,0
15,23,584,2,1,3,0
16,51,554,0,0,8,0
17,20,669,0,0,7,0
18,91,460,1,0,5,0
19,86,605,0,0,6,0
20,41,692,0,0,8,0
21,42,541,0,0,1,0
22,63,555,1,0,8,0
23,0,171,0,0,4,0
24,69,470,0,0,8,0
25,89,545,0,0,7,0
26,4,400,0,0,7,0
27,26,396,0,0,3,0
28,96,221,1,0,2,0
29,34,40,0,0,5,0
30,56,416,0,0,3,0
31,31,629,1,0,5,0
32,8,610,0,1,6,0
33,4,496,0,0,7,0
34,55,306,0,0,7,0
35,37,182,0,0,2,0
36,76,302,0,0,7,0
37,99,140,0,0,5,0
38,53,515,1,1,6,0
39,3,428,0,0,4,0
40,88,476,0,0,8,0
41,4,554,0,0,5,0
42,19,272,0,0,5,0
43,72,3,0,0,1,0
44,24,599,0,1,9,0
45,92,403,0,0,10,0
46,39,600,0,0,8,0
47,29,50,0,0,2,0
48,2,689,0,0,3,0
49,54,545,0,0,7,0
50,54,24,2,1,1,0
51,57,384,0,0,3,0
52,55,589,1,1,1,0
53,30,455,0,1,3,0
54,31,64,0,0,3,0
55,63,120,0,0,7,0
56,12,362,2,1,1,0
57,18,662,0,0,3,0
58,26,498,0,0,7,0
59,8,385,0,0,5,0
60,29,207,0,0,4,0
61,75,406,0,1,7,0
62,0,51,0,0,7,0
63,19,104,2,1,5,0
64,4,277,0,0,4,0
65,90,449,0,0,5,0
66,1,658,0,0,3,0
67,29,471,0,0,7,0
68,88,452,1,0,7,0
69,58,62,0,0,2,0
70,68,559,0,0,6,0
71,34,673,0,1,5,0
72,40,627,1,1,4,0
73,12,300,0,0,3,1
74,9,545,1,1,8,0
75,87,671,0,0,8,0
76,5,373,0,0,7,0
77,87,363,0,0,7,0
78,56,416,0,0,3,0
79,18,126,0,0,1,0
80,95,324,0,0,7,0
81,48,350,1,0,7,0
82,3,34,2,1,7,0
83,70,50,1,0,2,0
84,79,161,0,0,2,0
85,69,100,0,0,7,0
86,84,38,0,0,5,0
87,30,40,0,0,6,0
88,72,586,1,0,6,0
89,37,446,0,0,7,0
90,44,212,1,0,2,0
91,32,376,0,0,5,0
92,0,343,0,0,8,0
93,43,93,0,0,6,0
94,59,437,0,0,5,0
95,68,410,0,0,4,0
96,35,54,0,1,1,0
97,94,203,0,0,5,0
98,15,280,0,0,7,0
99,56,514,0,0,6,0
100,17,559,0,0,7,0
101,18,571,0,0,2,0
102,46,241,0,0,3,0
103,40,598,1,1,9,0
104,27,6,1,0,6,0
105,95,545,2,1,3,0
106,19,566,0,0,7,0
107,27,294,0,0,6,0
108,25,158,2,0,1,0
109,74,497,0,0,9,0
110,85,355,0,0,5,0
111,37,229,0,0,6,0
112,65,376,0,0,4,0
113,13,127,0,1,5,0
114,63,300,0,0,7,0
115,83,435,0,0,7,0
116,69,476,3,1,2,0
117,87,498,0,0,1,0
118,37,436,0,1,1,0
119,51,23,0,0,6,0
120,72,52,0,0,4,0
121,10,274,0,0,5,0
122,42,478,0,0,8,0
123,10,141,0,0,4,0
124,51,321,0,0,8,0
125,21,471,1,0,3,0
126,31,692,0,0,8,0
127,61,359,0,0,8,0
128,37,43,1,1,5,0
129,74,338,0,0,7,0
130,46,620,0,0,2,0
131,4,229,0,1,7,0
132,73,438,0,0,2,0
133,47,307,0,0,6,0
134,13,469,0,0,7,0
135,36,621,0,0,8,0
136,47,611,0,1,6,0
137,49,307,0,0,8,1
138,94,678,0,0,8,0
139,65,10,0,0,3,0
140,59,68,0,0,3,0
141,96,116,1,0,6,0
142,28,564,0,0,7,0
143,12,50,0,0,6,0
144,57,630,0,0,5,0
145,10,497,2,1,4,0
146,4,358,0,0,7,0
147,49,292,0,0,4,0
148,3,257,0,0,2,0
149,64,315,0,0,1,0
150,0,365,0,0,7,0
151,20,603,0,0,6,0
152,91,177,0,0,8,0
153,9,426,0,0,2,0
154,98,122,0,0,0,0
155,83,230,0,0,6,0
156,27,225,1,0,3,0
157,63,307,1,0,4,0
158,46,241,0,0,1,0
159,84,126,0,0,5,0
160,58,71,0,0,7,0
161,78,353,0,0,8,0
162,4,71,0,0,6,0
163,17,152,0,0,5,0
164,77,88,1,0,4,0
165,56,657,0,0,5,0
166,79,562,2,1,4,0
167,90,39,0,0,7,0
168,96,7,0,0,2,0
169,44,212,1,0,2,0
170,81,51,0,0,5,0
171,77,52,0,0,6,0
172,21,276,0,0,2,0
173,16,160,0,0,6,0
174,80,16,0,0,6,0
175,45,573,0,0,9,0
176,63,115,0,0,5,0
177,34,333,0,0,5,0
178,14,469,0,0,2,0
179,13,493,0,0,7,0
180,52,660,1,0,6,0
181,98,410,0,0,3,0
182,93,397,0,0,8,0
183,38,498,0,0,6,0
184,24,184,0,0,8,0
185,80,49,0,0,3,0
186,82,285,1,0,2,0
187,20,530,0,0,2,0
188,81,92,1,1,8,0
189,50,2,1,0,5,0
190,60,204,0,0,1,0
191,63,260,0,0,6,0
192,54,606,3,1,4,0
193,72,349,0,0,7,0
194,5,598,1,1,6,0
195,88,205,1,0,9,0
196,50,414,0,0,6,0
197,99,23,0,0,6,0
198,17,659,1,1,8,0
199,11,457,0,0,4,0
200,18,105,0,0,1,0
201,70,634,0,0,8,0
202,21,526,0,0,7,0
203,66,423,0,0,1,0
204,79,91,0,0,8,0
205,2,50,0,0,8,0
206,81,228,2,0,3,0
207,24,304,0,0,7,0
208,48,594,0,0,6,0
209,93,81,0,0,3,0
210,56,229,0,0,1,0
211,3,78,0,0,3,0
212,44,542,0,0,8,0
213,38,661,0,0,6,0
214,46,462,0,0,8,0
215,84,614,0,0,8,0
216,27,569,0,0,8,0
217,72,692,0,0,2,0
218,66,135,0,0,8,0
219,30,468,0,1,7,0
220,2,542,1,0,7,0
221,65,412,0,0,8,0
222,37,76,0,0,3,0
223,89,465,0,0,5,0
224,49,204,0,0,6,0
225,46,209,0,0,7,0
226,32,270,0,0,3,0
227,54,187,0,0,7,0
228,98,246,1,0,3,0
229,97,555,0,0,3,0
230,75,335,0,0,9,0
231,8,215,1,1,2,0
232,37,683,0,0,7,0
233,31,26,0,0,6,0
234,40,407,3,1,6,0
235,74,538,0,0,5,0
236,90,669,0,0,3,0
237,57,610,0,0,6,0
238,59,288,0,0,8,0
239,52,247,0,0,6,0
240,5,452,4,1,2,0
241,92,647,0,0,6,0
242,77,671,0,0,8,0
243,35,626,0,0,6,0
244,48,623,1,0,6,0
245,97,617,0,0,3,0
246,95,392,0,0,5,0
247,24,205,0,0,8,0
248,60,629,1,1,7,0
249,46,405,0,0,5,0
250,85,14,0,0,5,0
251,31,585,0,0,9,0
252,9,513,0,1,8,0
253,30,474,0,0,7,0
254,47,5,1,0,1,0
255,70,624,1,1,7,0
256,13,377,0,0,1,0
257,11,270,0,0,6,0
258,31,647,0,1,7,0
259,15,103,0,0,5,1
260,2,147,0,0,5,0
261,55,86,0,0,6,0
262,38,510,0,0,7,0
263,86,288,0,0,4,0
264,56,530,0,1,5,0
265,29,62,0,0,1,0
266,30,455,1,1,1,0
267,64,436,0,0,6,0
268,46,505,0,0,7,0
269,84,614,0,0,8,0
270,20,669,0,0,7,0
271,74,122,0,0,2,0
272,18,75,0,0,5,0
273,75,354,0,0,7,0
274,17,518,0,0,3,0
275,88,539,0,0,5,0
276,19,50,0,0,3,0
277,62,383,0,0,8,0
278,11,362,1,0,7,0
279,74,186,0,0,7,0
280,32,608,1,0,4,0
281,76,167,0,0,9,0
282,6,476,0,0,6,0
283,62,677,2,0,8,0
284,20,481,0,0,7,0
285,43,534,0,0,8,0
286,45,535,0,0,1,0
287,34,106,1,0,5,0
288,53,76,0,0,5,0
289,44,262,0,0,6,0
290,89,122,0,0,4,0
291,43,79,0,0,8,0
292,68,186,0,0,7,0
293,44,460,1,0,2,0
294,64,651,0,1,9,0
295,85,118,1,0,1,0
296,93,294,1,0,7,0
297,12,430,0,0,4,0
298,86,164,0,0,6,0
299,28,246,0,0,7,0
300,42,510,0,0,3,0
301,13,196,0,0,4,0
302,86,112,0,0,5,0
303,59,337,0,0,7,0
304,30,686,0,0,3,0
305,33,350,0,0,5,0
306,23,530,0,0,2,0
307,81,365,0,0,7,0
308,6,142,0,0,7,0
309,41,509,0,0,7,0
310,78,536,0,0,8,0
311,49,361,0,0,3,0
312,39,364,0,0,8,0
313,3,236,0,0,7,0
314,37,418,0,0,4,0
315,22,503,0,0,8,0
316,79,441,0,0,8,0
317,46,293,0,0,4,0
318,82,454,0,1,5,0
319,10,537,1,1,7,0
320,51,366,0,0,8,0
321,38,657,0,0,3,0
322,10,572,3,1,4,0
323,14,596,0,0,8,0
324,18,485,1,1,3,0
325,95,690,0,0,3,0
326,11,206,0,0,6,0
327,65,585,2,0,8,0
328,71,383,0,0,3,0
329,13,320,1,1,8,0
330,58,233,0,0,1,0
331,65,373,0,0,6,0
332,0,15,0,1,1,0
333,33,553,0,0,7,0
334,90,179,1,0,6,0
335,95,196,0,0,4,0
336,93,537,2,0,4,0
337,38,246,0,1,3,0
338,18,612,0,0,1,0
339,57,556,0,0,6,0
340,45,214,0,0,7,1
341,61,416,1,0,6,0
342,6,566,0,0,1,0
343,65,315,0,0,2,1
344,52,266,0,0,5,0
345,87,641,1,0,2,0
346,38,101,0,0,4,0
347,53,127,0,0,4,0
348,31,585,0,0,9,0
349,67,550,0,0,7,0
350,65,679,0,0,4,0
351,64,410,0,0,2,0
352,82,472,0,0,7,0
353,27,591,0,0,3,0
354,63,577,0,0,8,0
355,66,70,0,0,6,0
356,69,611,0,0,8,0
357,52,306,1,0,4,0
358,45,597,1,0,8,0
359,2,374,0,1,8,0
360,86,682,0,0,8,0
361,23,470,1,1,9,0
362,13,548,0,0,8,0
363,14,272,0,0,6,0
364,92,382,0,0,7,0
365,38,539,0,0,8,0
366,74,229,0,0,7,0
367,14,566,0,0,7,0
368,94,678,0,0,8,0
369,33,93,0,0,3,0
370,32,412,0,0,5,0
371,11,258,1,1,7,0
372,78,634,0,0,2,0
373,56,670,0,0,6,0
374,57,419,0,0,5,0
375,7,179,1,0,1,0
376,0,204,0,0,4,0
377,66,58,0,0,2,0
378,86,439,0,0,6,0
379,80,126,0,0,3,0
380,56,268,0,0,2,0
381,18,654,0,0,8,0
382,51,669,0,1,8,0
383,71,554,0,0,7,0
384,71,599,0,1,7,0
385,80,465,0,0,6,0
386,2,642,0,0,5,0
387,83,320,0,0,5,0
388,29,477,0,0,7,0
389,11,252,1,1,7,0
390,55,22,0,0,6,0
391,19,670,0,1,8,0
392,1,32,0,0,6,0
393,19,390,0,0,9,0
394,28,622,0,0,7,0
395,76,591,0,1,8,0
396,50,599,0,0,4,0
397,1,458,1,0,6,0
398,90,678,0,0,7,0
399,83,524,0,0,3,0
400,73,92,0,0,1,0
401,24,223,1,0,5,0
402,11,137,4,0,5,0
403,33,494,2,1,3,0
404,4,483,0,0,8,0
405,14,56,0,0,7,0
406,30,40,0,0,6,0
407,75,26,0,0,8,0
408,26,392,2,1,1,0
409,77,444,1,0,2,0
410,8,209,0,0,8,0
411,42,68,3,0,1,0
412,28,87,2,0,6,0
413,52,58,0,0,5,0
414,1,432,0,0,3,0
415,1,418,4,1,4,0
416,42,610,0,0,8,0
417,76,524,0,0,7,0
418,27,218,0,0,4,0
419,28,149,0,0,5,0
420,49,375,0,0,5,0
421,12,192,0,0,5,0
422,14,297,0,0,8,0
423,89,313,0,0,7,0
424,96,509,0,0,8,0
425,56,362,0,0,8,0
426,72,193,0,0,4,0
427,14,329,0,0,5,0
428,13,548,0,0,8,0
429,99,106,0,0,8,0
430,72,353,0,0,8,0
431,92,265,0,0,8,0
432,87,184,2,0,1,0
433,7,387,0,0,8,0
434,91,191,0,0,3,0
435,71,425,0,0,3,0
436,24,500,0,0,7,0
437,17,257,0,0,5,0
438,87,212,0,0,3,0
439,21,662,0,0,7,0
440,90,680,0,0,8,0
441,44,654,2,1,4,0
442,71,456,1,1,6,0
443,52,37,0,0,2,0
444,78,644,0,0,3,0
445,2,181,1,1,7,0
446,60,282,0,0,1,0
447,25,154,0,0,6,0
448,47,5,1,0,1,0
449,46,127,0,0,7,0
450,83,120,0,0,1,0
451,17,434,2,1,2,0
452,13,608,0,0,8,0
453,86,117,0,0,6,0
454,92,685,0,0,7,0
455,47,461,0,0,4,0
456,18,264,0,1,8,0
457,81,696,1,1,6,0
458,91,545,0,0,7,0
459,58,44,0,0,5,0
460,40,498,0,0,5,0
461,67,53,0,0,3,0
462,19,39,0,0,5,0
463,93,616,0,0,5,0
464,41,608,0,0,8,0
465,60,183,0,0,7,0
466,54,324,0,0,6,0
467,26,681,1,1,9,0
468,30,244,0,0,5,0
469,93,629,0,0,3,0
470,35,655,0,1,3,0
471,4,229,0,0,7,0
472,92,370,0,0,6,0
473,24,156,0,0,7,0
474,96,611,0,0,8,0
475,11,645,0,0,6,0
476,99,575,0,0,8,0
477,72,494,1,0,6,0
478,77,535,0,0,8,0
479,85,216,1,0,7,0
480,88,444,0,0,5,0
481,22,87,0,0,3,0
482,83,436,0,0,6,0
483,63,40,0,0,3,0
484,9,454,0,0,2,0
485,92,694,0,0,8,0
486,2,228,0,0,5,0
487,6,549,0,0,8,0
488,66,676,0,0,8,0
489,49,375,0,0,5,0
490,29,601,0,0,6,0
491,77,211,0,0,3,0
492,77,347,0,0,1,0
493,71,375,0,0,7,0
494,49,562,0,0,5,0
495,97,402,1,0,7,0
496,6,460,0,0,3,0
497,93,254,1,0,7,0
498,78,106,1,0,1,0
499,62,416,0,0,8,0
500,47,443,0,0,2,0
501,9,513,0,0,8,0
502,77,366,0,0,7,0
503,24,312,0,0,2,0
504,19,122,2,0,3,0
505,67,155,0,0,7,0
506,95,122,1,0,5,0
507,48,319,0,0,5,0
508,73,639,2,0,6,0
509,35,661,0,1,6,0
510,76,574,0,0,8,0
511,20,216,0,0,2,0
512,72,23,0,0,3,0
513,20,688,0,0,8,0
514,69,240,0,0,6,0
515,80,501,0,0,5,0
516,65,286,0,0,1,0
517,52,13,1,0,7,0
518,65,433,0,0,4,0
519,57,379,0,0,6,0
520,70,446,0,0,7,0
521,0,164,0,0,5,0
522,19,136,1,1,4,0
523,50,327,0,0,2,0
524,67,190,0,0,7,0
525,46,236,0,0,8,0
526,37,694,0,0,7,0
527,38,580,0,0,6,0
528,9,328,2,1,3,0
529,56,392,0,0,3,0
530,98,115,0,0,5,0
531,68,175,0,1,1,0
532,72,210,0,0,6,0
533,47,156,1,1,8,0
534,33,94,0,0,6,0
535,87,92,0,0,3,0
536,0,84,1,1,7,0
537,73,144,0,0,6,0
538,74,439,0,0,8,0
539,4,237,0,1,1,0
540,50,657,0,0,8,0
541,57,487,0,0,5,0
542,30,452,1,0,2,0
543,27,332,0,0,5,0
544,61,405,4,1,6,0
545,4,295,0,0,5,0
546,75,380,0,0,2,0
547,12,371,0,0,4,0
548,13,167,0,0,4,0
549,9,238,0,0,3,0
550,48,24,0,0,4,0
551,80,573,0,0,8,0
552,60,297,0,0,5,0
553,43,361,0,0,6,0
554,19,571,0,0,7,0
555,26,657,0,0,6,0
556,58,155,0,0,7,0
557,42,291,0,0,8,0
558,27,334,0,0,5,0
559,56,272,0,0,8,0
560,27,516,3,1,5,0
561,10,91,0,0,7,0
562,48,312,0,0,8,0
563,39,288,0,0,5,0
564,85,357,0,0,7,0
565,64,598,1,0,6,0
566,69,470,0,0,8,0
567,54,254,0,0,8,0
568,57,442,0,0,7,0
569,64,89,0,0,6,0
570,10,74,0,0,4,0
571,65,646,3,1,3,0
572,74,290,0,0,2,0
573,4,45,1,0,7,0
574,94,315,0,0,4,0
575,41,627,0,1,7,1
576,25,566,2,1,2,0
577,94,233,0,0,1,0
578,9,152,0,0,4,0
579,47,293,0,0,1,0
580,12,285,0,1,7,0
581,80,613,0,0,7,0
582,20,255,0,0,8,0
583,39,392,0,0,6,0
584,57,683,0,0,8,0
585,27,495,0,0,7,0
586,83,669,0,0,5,0
587,79,287,0,0,1,0
588,69,569,0,0,5,0
589,77,521,0,0,7,0
590,15,549,0,1,10,0
591,99,140,0,0,5,0
592,61,477,0,0,7,0
593,23,613,0,0,7,0
594,84,55,1,0,3,0
595,74,316,0,0,6,0
596,90,348,0,0,3,0
597,41,567,0,0,8,0
598,28,246,0,0,7,0
599,73,599,0,1,5,0
600,88,340,0,0,7,0
601,94,421,0,0,8,0
602,31,393,0,0,1,0
603,31,470,0,0,4,0
604,6,683,0,0,2,0
605,23,355,0,0,6,0
606,92,352,0,0,7,0
607,52,113,2,0,1,0
608,50,185,0,0,7,0
609,54,393,1,0,3,0
610,93,527,0,0,6,0
611,56,393,0,0,3,0
612,28,648,0,1,7,0
613,94,663,0,0,9,0
614,76,560,0,0,9,0
615,43,224,0,0,8,0
616,46,18,0,0,1,0
617,13,167,0,0,4,0
618,27,136,1,1,7,0
619,12,439,0,1,3,0
620,3,113,0,0,7,0
621,72,392,0,0,5,0
622,6,539,0,0,4,0
623,53,641,0,1,7,0
624,58,237,1,0,2,0
625,78,634,0,0,2,0
626,57,49,0,0,2,0
627,37,548,0,0,6,0
628,20,420,1,0,5,0
629,73,478,2,1,2,0
630,56,317,0,0,6,0
631,36,526,2,1,3,0
632,9,200,0,0,4,0
633,42,39,0,0,4,0
634,28,288,0,0,5,0
635,23,134,1,0,1,0
636,38,673,0,0,9,0
637,63,688,0,0,6,0
638,71,79,0,0,2,0
639,9,697,0,0,8,0
640,81,144,0,0,0,0
641,87,178,0,0,6,0
642,92,647,0,0,6,0
643,36,304,0,0,4,0
644,86,253,1,0,6,0
645,83,571,0,0,6,0
646,74,229,0,0,7,0
647,87,188,0,0,4,0
648,29,662,0,0,8,0
649,88,546,0,0,6,0
650,77,550,0,0,8,0
651,25,411,0,0,7,0
652,34,279,0,0,6,0
653,43,418,0,0,8,0
654,76,236,0,0,3,0
655,81,337,0,0,5,0
656,87,235,0,0,6,0
657,33,657,0,0,3,0
658,38,197,0,0,4,0
659,63,577,0,0,8,0
660,26,40,0,0,8,0
661,17,609,1,1,5,0
662,75,180,0,0,1,0
663,13,380,1,1,9,0
664,19,190,0,0,2,0
665,51,256,0,0,6,0
666,81,670,0,0,7,0
667,32,341,0,0,8,0
668,84,250,0,0,5,0
669,87,194,0,0,1,0
670,99,481,0,0,4,0
671,96,657,0,1,2,0
672,21,696,0,0,0,0
673,40,46,2,0,1,0
674,3,274,0,0,2,0
675,98,635,1,1,6,0
676,73,310,0,0,2,0
677,90,354,0,0,3,0
678,29,241,0,0,6,0
679,3,398,0,1,7,0
680,94,340,0,0,3,0
681,65,97,0,0,6,0
682,33,449,0,1,8,0
683,46,240,0,0,6,0
684,29,83,1,0,4,0
685,99,287,0,0,4,0
686,26,111,0,0,4,0
687,30,140,1,0,8,0
688,27,63,3,1,1,0
689,24,187,0,0,7,0
690,93,537,2,0,4,0
691,34,4,0,0,2,0
692,88,447,0,0,8,0
693,96,222,1,0,7,0
694,10,537,1,1,7,0
695,26,354,0,0,8,0
696,49,618,0,0,5,0
697,11,496,0,0,6,0
698,44,413,0,0,4,0
699,75,328,0,0,7,0
700,64,571,0,0,1,0
701,19,646,1,1,2,0
702,45,505,0,0,7,0
703,77,457,0,0,6,0
704,9,94,0,0,7,0
705,1,559,0,0,4,0
706,90,425,0,0,7,0
707,43,39,0,0,7,0
708,79,503,0,0,3,0
709,19,699,1,1,9,0
710,99,23,0,0,6,0
711,62,220,1,0,2,0
712,41,157,0,0,1,0
713,60,263,0,0,7,0
714,17,442,1,0,4,0
715,24,277,0,0,5,0
716,60,693,0,0,8,0
717,57,384,0,0,3,0
718,74,258,0,0,8,0
719,22,265,3,0,5,0
720,46,63,3,1,2,0
721,69,459,0,0,4,0
722,29,28,0,0,2,0
723,37,470,0,0,7,0
724,26,691,0,0,4,0
725,8,465,0,0,5,0
726,26,482,0,0,8,0
727,79,181,0,0,5,0
728,71,334,0,0,6,0
729,83,157,1,0,3,0
730,57,415,1,0,1,0
731,37,204,0,0,5,0
732,30,114,0,0,1,0
733,34,289,1,0,7,0
734,0,153,1,1,6,0
735,89,182,0,0,2,0
736,92,271,0,0,3,0
737,87,188,0,0,4,0
738,20,488,3,1,8,0
739,56,60,0,0,3,0
740,28,507,0,0,4,0
741,55,689,0,1,6,0
742,25,285,0,0,8,0
743,0,473,0,0,4,0
744,86,86,0,0,5,0
745,8,271,0,0,7,0
746,33,68,0,0,6,0
747,13,246,0,0,3,0
748,12,417,1,1,7,0
749,92,40,0,0,1,0
750,90,430,0,0,6,0
751,8,658,0,0,2,0
752,6,664,0,0,6,0
753,91,303,0,0,4,0
754,52,401,0,0,6,0
755,3,363,0,0,2,0
756,57,201,0,0,3,0
757,9,433,0,1,8,0
758,22,444,0,0,7,0
759,76,570,0,0,20,0
760,86,482,0,0,7,0
761,64,305,0,0,6,0
762,90,156,0,0,1,0
763,79,195,0,0,3,0
764,28,292,0,0,2,0
765,86,87,0,0,1,0
766,42,78,0,0,4,0
767,39,51,0,0,7,0
768,8,104,0,0,7,0
769,40,378,0,0,8,0
770,5,610,0,0,7,0
771,96,136,0,0,7,0
772,28,545,1,1,7,0
773,22,33,1,0,7,0
774,30,661,0,0,9,0
775,45,532,0,0,2,0
776,58,601,3,1,2,0
777,49,347,1,0,7,0
778,37,245,0,0,4,0
779,70,452,0,0,3,0
780,33,527,1,0,7,0
781,98,3,0,0,6,0
782,17,616,0,0,8,0
783,54,486,0,0,3,0
784,39,199,0,0,8,0
785,81,200,0,0,4,0
786,71,462,0,0,5,0
787,62,528,0,0,6,0
788,8,238,0,0,2,0
789,76,451,3,1,8,0
790,66,239,0,0,7,0
791,83,100,0,0,2,0
792,28,253,0,0,3,0
793,87,466,1,0,8,0
794,43,451,0,0,2,0
795,0,258,0,0,6,0
796,1,437,0,1,8,0
797,1,31,0,0,2,0
798,72,512,0,0,4,0
799,72,220,0,0,1,0
800,12,50,0,0,3,0
801,89,111,0,0,6,0
802,67,584,0,0,9,0
803,54,94,0,0,5,0
804,34,303,0,0,8,0
805,15,422,2,1,3,0
806,43,327,0,0,7,0
807,0,16,1,1,5,0
808,74,439,0,0,8,0
809,61,405,4,1,6,0
810,51,441,0,0,8,0
811,97,420,2,0,5,0
812,75,535,0,0,8,0
813,83,416,0,0,4,0
814,23,122,0,0,6,0
815,65,221,0,0,5,0
816,94,659,0,0,6,0
817,42,422,0,0,5,0
818,10,272,0,0,7,0
819,94,502,0,0,8,0
820,50,459,0,0,3,0
821,46,432,0,0,7,0
822,98,646,0,0,3,0
823,42,364,0,0,6,0
824,30,102,1,0,5,0
825,11,330,0,0,5,0
826,61,579,0,0,5,0
827,12,50,0,0,6,0
828,76,598,0,0,9,0
829,2,339,0,0,1,0
830,43,169,3,1,2,0
831,27,640,0,0,3,0
832,60,554,0,0,5,0
833,79,251,0,0,5,0
834,96,417,0,0,5,0
835,17,383,0,0,6,0
836,0,171,0,0,4,0
837,38,602,2,0,3,0
838,43,36,1,0,5,0
839,1,106,2,1,8,0
840,25,456,0,0,7,0
841,2,119,0,0,7,0
842,66,497,0,0,5,0
843,49,635,0,0,8,0
844,5,422,1,0,2,0
845,71,156,0,0,8,0
846,35,136,0,0,8,0
847,94,538,0,0,6,0
848,80,635,0,0,7,0
849,61,196,0,0,7,0
850,29,385,0,0,4,0
851,0,462,0,0,5,0
852,80,280,0,0,7,0
853,54,421,0,0,3,0
854,71,622,0,0,7,0
855,27,276,2,0,3,0
856,61,176,1,0,3,0
857,55,20,0,0,7,0
858,35,88,0,0,7,0
859,34,268,0,0,3,0
860,95,287,3,0,2,0
861,64,366,0,0,6,0
862,30,502,0,0,8,0
863,12,87,0,0,1,0
864,96,530,0,0,9,0
865,16,141,1,1,8,0
866,16,623,0,0,8,0
867,78,343,0,0,5,0
868,83,12,0,0,6,0
869,96,657,0,1,2,0
870,67,364,0,0,1,0
871,87,582,0,0,9,0
872,34,202,0,0,7,0
873,46,456,0,0,8,0
874,7,197,0,0,5,0
875,73,507,1,0,9,0
876,54,661,0,0,5,0
877,93,168,0,0,1,0
878,52,62,0,0,7,0
879,53,515,1,1,6,0
880,81,566,0,0,6,0
881,8,328,0,1,5,0
882,97,159,0,0,4,0
883,50,324,0,0,6,0
884,38,252,0,0,8,0
885,61,510,0,0,2,0
886,46,319,0,0,6,0
887,73,352,0,0,2,0
888,19,209,0,0,3,0
889,10,464,0,0,5,0
890,94,83,0,0,0,0
891,10,222,1,1,2,0
892,37,211,0,0,7,0
893,94,178,0,0,5,0
894,23,113,0,0,4,0
895,75,367,0,0,1,0
896,40,236,0,0,2,0
897,24,522,0,1,8,0
898,11,352,0,1,7,0
899,29,575,1,1,3,0
900,51,416,0,0,1,0
901,86,187,0,0,2,0
902,9,328,2,1,3,0
903,30,226,0,0,3,0
904,73,409,1,0,3,0
905,25,79,2,0,7,0
906,67,440,0,0,1,0
907,67,523,0,1,6,0
908,58,58,0,0,4,0
909,82,44,1,0,5,0
910,98,669,0,0,8,0
911,93,141,1,0,2,0
912,53,183,1,0,2,0
913,66,58,0,0,2,0
914,6,226,0,0,3,0
915,42,84,0,0,2,0
916,78,141,0,0,3,0
917,29,688,1,0,7,0
918,82,556,0,0,8,0
919,92,40,0,0,1,0
920,78,37,0,0,8,0
921,54,250,0,0,4,0
922,45,405,1,0,8,0
923,59,352,0,0,5,0
924,8,326,0,0,6,0
925,51,386,0,0,6,0
926,51,346,0,0,5,0
927,76,399,1,1,1,0
928,62,484,3,1,2,0
929,86,556,0,0,7,0
930,60,638,2,0,8,0
931,56,135,0,0,3,0
932,83,274,0,0,3,0
933,92,207,0,0,4,0
934,31,638,0,0,8,0
935,80,52,0,0,4,0
936,39,54,1,0,5,0
937,20,518,0,1,6,0
938,53,416,0,0,8,0
939,84,51,0,0,6,0
940,50,506,0,0,8,0
941,96,577,0,1,5,0
942,94,683,0,0,5,0
943,25,55,0,0,5,0
944,48,430,0,0,6,0
945,65,648,0,0,2,0
946,69,55,0,0,5,0
947,12,548,0,1,6,0
948,84,260,0,0,6,0
949,47,6,0,0,5,0
950,87,292,0,0,4,0
951,35,316,2,1,2,0
952,47,627,0,0,7,0
953,48,444,0,1,8,0
954,46,626,0,0,9,0
955,27,149,0,0,1,0
956,37,530,0,0,7,0
957,8,596,0,0,8,1
958,29,226,0,0,5,0
959,85,625,0,0,2,0
960,2,148,0,0,0,0
961,66,699,1,0,1,0
962,60,263,0,0,7,0
963,54,179,0,0,4,0
964,70,292,1,0,7,0
965,55,354,0,0,4,0
966,20,9,0,0,14,0
967,78,328,0,0,7,0
968,63,260,0,0,6,0
969,17,320,2,1,3,0
970,43,314,0,0,4,0
971,13,218,0,0,2,0
972,46,249,3,1,5,0
973,65,415,0,0,2,0
974,1,2,0,0,5,0
975,6,102,4,1,1,0
976,32,579,0,0,7,0
977,34,669,1,0,9,0
978,70,133,0,0,4,0
979,49,9,0,0,3,0
980,65,97,0,0,6,0
981,25,234,1,0,6,0
982,84,126,0,0,5,0
983,7,322,1,0,6,0
984,34,240,0,0,4,0
985,38,659,2,1,7,0
986,1,265,2,1,1,0
987,25,461,2,1,8,0
988,25,503,0,0,8,0
989,50,410,0,0,8,0
990,46,514,1,1,4,0
991,96,603,0,0,3,0
992,57,415,1,0,1,0
993,47,156,1,0,8,0
994,52,417,0,0,6,0
995,30,675,3,0,5,0
996,63,171,0,0,2,0
997,51,481,0,0,9,0
998,14,659,0,0,8,0
999,20,74,0,0,5,0
1000,56,73,0,0,3,0
1001,41,85,1,0,3,0
1002,72,399,0,0,2,0
1003,1,544,0,0,8,0
1004,27,496,0,0,7,0
1005,77,12,0,0,7,0
1006,87,359,0,0,8,0
1007,81,484,0,1,7,0
1008,51,7,0,0,5,0
1009,79,605,0,0,8,0
1010,11,449,0,0,4,0
1011,54,314,1,1,7,0
1012,93,518,0,0,9,0
1013,0,334,0,0,4,0
1014,54,604,0,0,6,0
1015,21,367,1,1,3,0
1016,58,530,0,1,3,0
1017,3,6,0,0,2,0
1018,99,525,0,0,8,0
1019,70,50,1,0,2,0
1020,65,671,0,0,8,0
1021,44,125,0,0,4,0
1022,6,286,0,0,7,0
1023,9,93,1,1,6,0
1024,95,398,0,0,5,0
1025,70,69,1,0,3,0
1026,92,605,0,0,8,1
1027,62,651,0,0,19,0
1028,85,39,1,0,2,0
1029,2,336,0,1,6,0
1030,0,626,0,0,7,0
1031,91,279,0,0,4,0
1032,3,261,0,0,3,0
1033,68,595,0,1,8,0
1034,98,361,1,0,5,0
1035,41,85,1,0,3,0
1036,16,26,1,0,8,0
1037,82,500,0,0,5,0
1038,1,502,0,1,6,0
1039,64,452,0,0,7,0
1040,68,634,0,0,2,0
1041,98,671,0,0,8,0
1042,32,326,0,0,7,0
1043,87,581,0,0,3,0
1044,84,457,0,0,1,0
1045,3,638,1,0,8,0
1046,34,341,1,0,5,0
1047,23,537,0,1,5,0
1048,37,43,1,0,5,0
1049,22,81,0,0,2,0
1050,19,657,0,0,7,0
1051,7,61,2,1,1,0
1052,52,697,0,0,6,0
1053,91,696,0,0,8,0
1054,93,119,0,0,2,1
1055,78,37,0,0,8,0
1056,23,575,0,0,3,0
1057,83,578,0,0,6,0
1058,92,127,0,0,5,0
1059,4,348,0,0,6,0
1060,32,363,1,0,1,0
1061,27,426,2,0,2,0
1062,10,315,0,0,7,0
1063,9,160,0,0,5,0
1064,65,435,0,0,7,0
1065,68,106,0,0,2,0
1066,16,591,0,1,9,0
1067,12,678,0,1,3,0
1068,95,318,0,0,4,0
1069,16,514,1,1,3,0
1070,46,512,0,0,8,0
1071,3,262,0,0,4,0
1072,80,543,4,1,5,0
1073,77,59,0,0,6,0
1074,0,106,0,1,2,0
1075,62,33,1,0,2,0
1076,91,66,0,0,5,0
1077,24,312,0,0,2,0
1078,2,374,0,0,8,0
1079,22,111,0,0,3,0
1080,56,328,0,0,4,0
1081,54,29,0,0,1,0
1082,71,608,0,0,1,0
1083,38,434,0,0,7,0
1084,62,545,0,0,5,0
1085,78,266,3,1,1,0
1086,18,407,0,0,5,0
1087,95,333,0,0,8,0
1088,66,248,0,0,5,0
1089,28,99,0,0,8,0
1090,78,228,1,0,2,0
1091,13,12,0,0,5,0
1092,27,332,0,0,5,0
1093,17,152,1,0,5,0
1094,71,31,0,0,4,0
1095,79,491,0,0,1,0
1096,1,487,1,1,5,0
1097,78,142,0,0,5,0
1098,23,134,1,0,1,0
1099,75,305,0,0,8,0
1100,70,307,2,0,6,0
1101,10,258,1,1,8,0
1102,24,284,1,1,6,0
1103,47,531,0,0,8,0
1104,98,292,0,0,9,0
1105,4,268,0,0,3,0
1106,15,586,0,0,7,0
1107,67,410,0,0,7,0
1108,32,189,0,0,3,0
1109,40,590,0,0,7,0
1110,54,560,0,1,8,0
1111,78,692,0,0,8,0
1112,94,68,0,0,3,0
1113,51,535,0,0,4,0
1114,42,193,0,1,4,0
1115,67,532,1,0,7,0
1116,87,264,0,0,7,0
1117,29,24,0,0,5,0
1118,89,596,1,0,3,0
1119,74,245,3,1,4,0
1120,97,38,0,0,6,0
1121,63,695,0,0,9,0
1122,88,424,0,1,1,0
1123,34,40,0,0,5,0
1124,81,514,0,0,7,0
1125,65,376,0,0,4,0
1126,51,516,0,0,5,0
1127,76,51,0,0,6,0
1128,76,318,0,0,7,0
1129,84,238,0,0,3,0
1130,56,161,0,0,4,0
1131,31,224,1,1,6,0
1132,0,655,0,0,8,0
1133,91,231,0,0,8,0
1134,40,626,1,1,9,0
1135,59,360,0,0,6,0
1136,96,671,0,0,6,0
1137,61,671,0,0,8,0
1138,14,647,1,1,2,0
1139,16,89,0,0,1,0
1140,98,34,0,0,7,0
1141,11,345,0,1,7,0
1142,52,573,0,0,4,0
1143,19,33,0,0,1,0
1144,61,477,0,0,5,0
1145,73,100,0,0,5,0
1146,0,655,0,0,8,0
1147,74,619,1,0,7,0
1148,55,678,0,0,2,0
1149,48,261,0,0,7,0
1150,53,404,0,0,4,0
1151,13,361,0,0,3,0
1152,34,678,0,0,8,0
1153,54,398,0,0,2,0
1154,69,160,0,0,1,0
1155,81,134,1,0,5,0
1156,99,106,0,0,8,0
1157,3,674,0,0,5,0
1158,61,170,1,0,7,0
1159,65,539,0,0,8,0
1160,93,230,0,0,5,0
1161,24,605,0,0,8,0
1162,8,410,0,0,3,0
1163,72,444,0,0,5,0
1164,29,138,1,0,1,0
1165,33,534,0,0,7,1
1166,68,542,0,0,6,0
1167,55,528,1,1,7,0
1168,76,424,0,0,5,0
1169,17,54,0,0,7,0
1170,94,333,0,0,5,0
1171,86,313,0,0,4,0
1172,25,310,1,0,4,0
1173,22,572,0,0,8,0
1174,15,124,0,0,5,0
1175,35,556,0,1,3,0
1176,81,591,2,1,4,0
1177,55,72,0,0,4,0
1178,94,134,0,0,5,0
1179,50,435,0,0,6,0
1180,64,436,0,0,6,0
1181,91,303,0,0,4,0
1182,11,457,1,0,8,0
1183,72,87,0,0,1,0
1184,6,660,0,0,5,0
1185,0,293,0,0,4,0
1186,66,522,0,0,7,1
1187,42,182,0,0,4,0
1188,60,629,1,1,7,0
1189,64,318,0,0,1,0
1190,87,496,1,0,8,0
1191,96,221,1,0,2,0
1192,1,245,0,0,7,0
1193,54,135,1,0,5,0
1194,53,405,0,0,7,0
1195,96,262,1,0,7,0
1196,58,442,0,0,1,1
1197,12,247,1,0,4,0
1198,78,476,1,0,3,0
1199,64,608,0,0,6,0
1200,26,368,0,1,6,0
1201,8,349,0,0,3,0
1202,49,692,0,0,9,0
1203,56,268,0,0,2,0
1204,55,528,0,0,7,0
1205,25,678,0,0,8,0
1206,50,282,0,0,8,0
1207,84,521,1,0,4,0
1208,30,336,1,0,8,0
1209,81,282,0,0,5,0
1210,74,429,0,0,3,0
1211,76,262,1,0,6,0
1212,36,617,1,1,5,0
1213,64,320,0,0,4,0
1214,62,93,0,0,7,0
1215,53,501,0,0,8,0
1216,86,367,0,0,5,0
1217,15,142,0,0,4,0
1218,67,467,0,0,8,0
1219,47,60,0,0,6,0
1220,47,36,0,0,6,0
1221,81,75,0,0,3,0
1222,98,270,3,0,2,0
1223,56,362,0,0,8,0
1224,48,214,0,0,6,0
1225,18,164,0,0,7,0
1226,74,271,0,0,4,0
1227,68,38,1,0,1,0
1228,36,72,0,0,1,0
1229,90,696,0,0,8,0
1230,65,44,0,0,20,0
1231,63,575,0,0,9,0
1232,82,452,0,0,5,0
1233,63,99,0,0,8,0
1234,55,38,1,0,6,0
1235,64,308,2,1,3,0
1236,51,350,1,0,4,0
1237,97,494,1,1,6,0
1238,92,292,0,0,4,0
1239,51,256,0,0,6,0
1240,72,701,0,1,7,0
1241,39,697,0,1,6,0
1242,49,50,0,0,2,0
1243,21,104,1,0,6,0
1244,91,319,2,0,2,0
1245,37,43,1,0,5,0
1246,98,405,1,1,2,0
1247,85,208,2,0,3,0
1248,40,360,0,0,8,0
1249,2,117,0,1,7,0
1250,78,266,3,1,1,0
1251,41,645,0,1,8,0
1252,94,508,0,0,7,0
1253,10,315,0,0,6,0
1254,73,10,0,0,2,0
1255,22,85,1,0,4,0
1256,30,525,0,0,3,0
1257,21,674,1,1,8,0
1258,51,469,0,0,8,0
1259,97,587,0,0,8,0
1260,56,490,1,0,8,0
1261,4,197,1,0,6,0
1262,77,546,0,0,7,1
1263,95,648,1,0,3,0
1264,36,214,0,0,5,0
1265,13,691,1,1,2,0
1266,90,682,2,1,7,0
1267,49,649,0,0,9,0
1268,18,345,0,0,8,0
1269,89,603,0,0,7,0
1270,43,474,0,0,7,0
1271,82,585,1,1,7,0
1272,84,388,0,0,4,0
1273,80,506,3,1,2,0
1274,68,548,0,0,6,0
1275,12,299,0,0,7,0
1276,75,335,0,0,9,0
1277,10,105,0,0,5,0
1278,91,206,0,0,7,0
1279,21,80,0,0,4,0
1280,28,94,0,0,2,0
1281,97,249,0,0,9,0
1282,49,372,1,0,5,0
1283,14,132,1,1,1,0
1284,5,551,0,0,6,0
1285,37,392,0,0,1,0
1286,62,484,3,1,2,0
1287,83,133,0,0,7,0
1288,48,491,0,0,9,0
1289,94,607,1,0,3,0
1290,61,368,0,0,7,0
1291,70,454,0,0,8,0
1292,43,39,2,0,2,0
1293,23,168,4,1,6,0
1294,37,344,0,0,6,0
1295,50,151,0,0,4,0
1296,78,585,0,0,4,0
1297,74,309,0,0,7,0
1298,14,237,0,0,2,0
1299,77,171,0,0,4,0
1300,39,437,0,0,9,0
1301,89,273,0,0,4,0
1302,62,21,0,0,7,0
1303,59,337,0,0,7,0
1304,68,150,0,0,4,0
1305,13,435,0,0,3,0
1306,37,390,0,0,6,0
1307,36,175,1,0,1,0
1308,28,666,1,1,9,1
1309,2,94,0,0,8,0
1310,17,502,0,0,7,0
1311,86,74,0,0,7,0
1312,54,279,0,0,5,0
1313,2,201,0,0,17,0
1314,3,226,1,1,4,0
1315,84,116,0,0,7,0
1316,8,566,0,1,9,0
1317,4,286,2,0,4,0
1318,57,337,0,0,1,0
1319,24,682,3,1,9,0
1320,51,287,0,0,5,0
1321,29,419,0,0,1,0
1322,13,72,0,0,6,0
1323,23,258,0,0,6,0
1324,36,692,0,1,9,0
1325,88,33,1,0,6,0
1326,2,587,0,0,5,0
1327,3,638,1,1,8,0
1328,15,500,0,0,6,0
1329,58,468,0,0,9,0
1330,11,496,0,0,6,0
1331,27,506,0,0,6,0
1332,32,376,0,0,5,0
1333,12,304,1,0,6,0
1334,88,424,0,1,1,0
1335,91,458,0,0,2,0
1336,12,253,0,1,2,0
1337,21,600,0,0,8,0
1338,23,155,0,0,4,0
1339,10,599,1,1,4,0
1340,35,471,0,0,5,0
1341,69,435,1,0,8,0
1342,68,64,0,0,4,0
1343,85,184,0,0,2,0
1344,34,270,0,0,6,0
1345,55,643,0,0,7,0
1346,10,220,1,0,8,0
1347,30,397,0,0,8,0
1348,36,700,0,0,6,0
1349,14,341,1,0,8,0
1350,79,665,0,1,3,0
1351,52,236,0,0,6,0
1352,97,218,0,0,8,0
1353,24,187,0,0,7,0
1354,0,49,0,0,2,0
1355,96,63,0,0,5,0
1356,89,188,0,0,6,0
1357,94,421,0,0,8,0
1358,98,635,1,0,6,0
1359,72,485,0,0,6,0
1360,1,576,0,0,8,0
1361,26,183,0,0,5,0
1362,5,315,1,1,6,0
1363,22,371,1,0,7,0
1364,56,57,0,0,7,0
1365,74,363,0,0,6,0
1366,24,633,0,0,9,0
1367,9,167,2,0,1,0
1368,10,315,0,0,7,0
1369,35,562,0,0,8,0
1370,56,60,0,0,3,0
1371,7,263,0,0,5,0
1372,51,271,0,0,4,0
1373,17,121,0,0,7,0
1374,30,599,0,0,4,0
1375,21,47,0,0,5,0
1376,2,336,0,0,5,0
1377,85,40,0,0,6,0
1378,65,144,0,0,6,0
1379,64,436,0,0,6,0
1380,11,568,0,0,7,0
1381,92,675,0,0,6,0
1382,54,94,0,0,5,0
1383,4,71,0,0,7,0
1384,53,687,0,1,8,0
1385,39,627,0,0,8,0
1386,49,693,0,0,9,0
1387,70,446,0,0,7,0
1388,40,196,0,0,4,0
1389,40,661,0,0,3,0
1390,43,663,0,1,9,0
1391,17,641,0,0,4,0
1392,40,407,3,1,6,0
1393,84,133,0,0,7,0
1394,25,160,1,1,1,0
1395,62,503,0,0,9,0
1396,83,386,0,0,4,0
1397,47,531,0,0,8,0
1398,45,128,0,0,2,0
1399,34,107,0,0,6,0
1400,3,154,0,0,6,0
1401,1,81,0,0,6,0
1402,18,261,0,0,1,0
1403,45,597,1,0,8,0
1404,81,135,0,0,7,0
1405,77,550,0,0,8,0
1406,23,423,0,0,7,0
1407,48,444,0,0,8,0
1408,61,288,0,0,8,0
1409,60,93,0,0,7,0
1410,75,484,0,0,7,0
1411,64,452,0,0,7,0
1412,54,138,0,0,6,0
1413,84,194,2,0,2,0
1414,75,190,0,0,6,0
1415,16,244,0,0,7,0
1416,79,423,1,0,8,0
1417,92,675,0,0,6,0
1418,16,522,0,0,7,0
1419,96,69,0,0,2,0
1420,30,502,0,0,8,0
1421,60,348,0,0,8,0
1422,11,283,0,0,6,0
1423,75,666,0,1,9,0
1424,36,615,1,1,3,0
1425,71,277,2,0,4,0
1426,88,259,0,0,1,0
1427,93,562,0,0,2,0
1428,93,577,1,0,8,0
1429,54,249,0,0,2,0
1430,41,100,0,0,2,0
1431,46,499,0,0,5,0
1432,28,22,0,0,1,0
1433,40,230,0,1,1,0
1434,82,274,0,0,7,0
1435,38,672,0,0,8,0
1436,3,6,0,0,2,0
1437,87,626,0,1,8,0
1438,49,535,0,0,6,0
1439,16,139,3,1,2,0
1440,65,655,0,1,6,0
1441,9,156,1,0,5,0
1442,24,316,0,0,3,1
1443,25,79,2,0,7,0
1444,43,13,0,0,7,0
1445,10,358,0,0,7,0
1446,29,376,0,0,2,0
1447,45,503,0,0,8,0
1448,57,415,1,0,1,0
1449,20,143,0,0,3,0
1450,29,531,0,0,5,0
1451,82,192,0,0,6,0
1452,68,425,0,0,8,0
1453,65,430,0,0,5,0
1454,99,668,2,1,7,0
1455,9,592,0,0,4,0
1456,20,504,0,0,7,0
1457,78,585,0,0,4,0
1458,26,241,0,0,3,0
1459,68,246,0,0,3,0
1460,79,158,1,0,5,0
1461,25,456,0,0,7,0
1462,83,669,0,0,5,0
1463,32,258,0,0,8,0
1464,49,313,0,0,7,0
1465,50,698,0,0,4,0
1466,84,485,0,0,4,0
1467,96,9,0,0,2,0
1468,56,21,1,0,7,0
1469,85,536,1,0,6,0
1470,63,233,0,0,6,0
1471,17,372,0,1,5,0
1472,11,526,0,0,8,0
1473,62,339,3,1,4,0
1474,48,273,0,0,6,0
1475,86,202,0,0,6,0
1476,73,156,0,0,2,0
1477,36,212,0,0,7,0
1478,34,684,1,1,9,0
1479,16,595,0,0,5,0
1480,48,534,0,0,4,0
1481,61,505,0,0,5,0
1482,54,138,0,0,6,0
1483,56,683,0,1,8,0
1484,74,603,0,0,8,0
1485,35,680,1,1,8,0
1486,65,103,1,0,2,0
1487,48,357,0,0,6,0
1488,88,601,1,0,8,0
1489,19,249,0,0,1,0
1490,21,388,0,0,5,0
1491,27,149,0,0,1,0
1492,86,682,0,0,8,0
1493,92,583,0,0,7,0
1494,1,65,0,0,2,0
1495,14,427,0,1,8,0
1496,74,112,0,0,5,0
1497,84,580,0,0,8,0
1498,4,295,0,0,5,0
1499,50,284,0,0,8,0
1500,2,597,0,1,9,0
1501,73,393,0,1,3,0
1502,21,401,0,0,3,0
1503,82,144,0,0,6,0
1504,14,56,0,0,7,0
1505,56,444,0,0,14,0
1506,20,588,0,0,7,0
1507,54,87,0,0,1,0
1508,77,567,0,0,7,0
1509,5,127,2,1,3,0
1510,65,464,0,0,5,0
1511,33,567,1,0,9,0
1512,65,412,1,0,7,0
1513,41,17,0,0,5,0
1514,86,682,0,1,8,0
1515,92,665,0,0,8,0
1516,97,634,0,0,9,0
1517,91,193,0,0,8,0
1518,0,206,0,1,1,0
1519,59,623,1,0,8,0
1520,4,535,0,0,7,0
1521,5,95,0,0,7,0
1522,48,480,0,0,5,0
1523,99,579,0,0,3,0
1524,81,401,0,0,5,0
1525,95,669,0,0,7,0
1526,43,534,0,0,8,0
1527,5,302,0,0,6,0
1528,50,599,0,1,8,0
1529,76,527,0,0,7,0
1530,46,459,0,0,6,0
1531,68,262,0,0,1,0
1532,33,115,0,0,1,0
1533,50,667,0,0,5,0
1534,85,39,1,0,2,0
1535,63,688,0,0,6,0
1536,89,289,0,0,7,0
1537,81,611,1,1,8,0
1538,77,382,0,0,7,0
1539,50,524,0,0,6,0
1540,10,345,0,0,5,0
1541,30,502,0,0,8,0
1542,66,239,0,0,7,0
1543,16,607,0,0,8,0
1544,12,13,0,0,1,0
1545,30,15,0,0,8,0
1546,8,528,0,0,5,0
1547,93,576,1,0,4,0
1548,14,77,0,0,2,0
1549,53,642,0,1,9,0
1550,26,461,0,0,4,0
1551,23,584,2,1,3,0
1552,92,605,0,0,8,1
1553,29,138,1,1,1,0
1554,41,246,0,0,7,0
1555,56,683,0,1,8,0
1556,19,459,0,0,8,0
1557,4,100,0,1,6,0
1558,89,64,2,0,1,0
1559,71,375,0,0,7,0
1560,81,524,0,0,7,0
1561,31,159,0,0,6,0
1562,53,202,0,0,1,0
1563,78,211,0,0,1,0
1564,80,69,0,0,4,0
1565,18,126,0,1,1,0
1566,37,43,1,1,5,0
1567,52,681,0,1,7,0
1568,39,4,0,0,2,0
1569,11,447,0,0,7,0
1570,33,189,1,0,3,0
1571,22,572,0,0,8,0
1572,83,502,0,0,2,0
1573,43,669,1,0,9,0
1574,74,309,0,0,7,0
1575,54,87,0,0,3,0
1576,3,621,0,1,8,0
1577,96,136,0,0,7,0
1578,68,259,1,0,9,0
1579,2,641,0,0,6,0
1580,40,67,0,0,2,0
1581,64,369,0,0,7,0
1582,26,643,1,0,2,0
1583,69,395,1,0,3,0
1584,57,305,0,0,4,0
1585,78,121,0,0,7,0
1586,71,339,0,0,8,0
1587,59,531,0,0,3,0
1588,28,458,1,0,9,0
1589,61,114,0,0,6,0
1590,22,81,0,0,2,0
1591,95,690,0,0,3,0
1592,38,574,0,0,9,0
1593,19,318,1,1,4,0
1594,92,326,0,0,8,0
1595,24,184,0,1,8,0
1596,21,269,0,0,4,0
1597,35,247,0,0,7,0
1598,9,44,0,0,3,0
1599,23,155,0,0,4,0
1600,92,600,0,0,8,0
1601,55,315,1,0,7,0
1602,14,535,0,0,8,0
1603,78,644,0,0,3,0
1604,64,531,0,0,9,0
1605,49,524,0,0,4,0
1606,8,120,0,0,7,0
1607,35,661,0,0,9,0
1608,11,471,0,0,6,0
1609,8,129,0,1,7,0
1610,53,249,0,0,7,0
1611,36,304,0,0,4,0
1612,64,253,0,0,5,0
1613,43,99,0,0,5,0
1614,40,377,0,0,8,0
1615,52,266,0,0,5,0
1616,11,445,0,0,8,0
1617,21,379,0,0,7,0
1618,23,272,0,0,1,0
1619,17,12,0,0,5,0
1620,6,369,0,0,7,0
1621,56,100,0,0,5,0
1622,71,281,3,1,5,0
1623,51,612,0,0,9,0
1624,94,203,0,0,5,0
1625,27,60,0,0,4,0
1626,1,417,0,0,4,0
1627,56,201,0,0,6,0
1628,71,15,1,0,2,0
1629,18,409,0,1,6,0
1630,48,55,0,0,4,0
1631,86,125,0,0,3,0
1632,48,680,0,1,6,0
1633,2,662,0,1,9,0
1634,13,428,0,0,1,0
1635,57,344,0,0,6,0
1636,77,115,0,0,7,0
1637,0,399,0,0,7,0
1638,57,149,0,0,3,0
1639,24,342,0,0,6,0
1640,55,8,2,1,2,0
1641,62,425,0,0,6,0
1642,89,412,0,0,9,0
1643,77,33,0,0,4,0
1644,45,172,0,0,6,0
1645,46,293,0,0,4,0
1646,80,377,0,0,7,0
1647,60,315,0,0,4,0
1648,71,184,0,0,2,0
1649,43,224,0,0,8,0
1650,97,494,1,1,6,0
1651,49,336,2,1,7,0
1652,66,299,0,0,2,0
1653,20,536,1,1,6,0
1654,54,393,1,0,3,0
1655,61,586,0,0,5,0
1656,18,580,0,0,4,0
1657,45,463,0,0,8,0
1658,26,369,0,0,8,0
1659,0,504,0,0,7,0
1660,28,159,0,0,7,0
1661,49,266,1,0,3,0
1662,84,165,0,0,5,0
1663,38,605,0,0,5,0
1664,53,27,0,0,3,0
1665,88,249,0,0,5,0
1666,99,98,0,0,5,0
1667,12,692,0,1,2,0
1668,35,343,2,1,8,0
1669,5,543,0,0,6,0
1670,77,347,0,0,1,0
1671,45,347,0,0,7,0
1672,71,360,0,0,5,0
1673,40,497,0,0,8,0
1674,82,673,0,0,7,0
1675,70,547,0,0,8,0
1676,87,404,0,0,2,0
1677,95,650,0,0,7,0
1678,72,489,1,0,1,0
1679,5,647,0,0,7,0
1680,86,118,0,0,5,0
1681,80,669,0,0,6,0
1682,62,93,0,0,7,0
1683,49,223,0,0,7,0
1684,85,102,0,0,5,0
1685,7,637,0,1,8,0
1686,6,281,0,0,7,0
1687,25,649,1,0,6,0
1688,55,684,0,0,7,0
1689,81,180,0,0,5,0
1690,98,122,0,0,3,0
1691,31,14,4,1,1,0
1692,30,307,3,1,4,0
1693,98,448,0,0,5,0
1694,92,598,1,0,3,0
1695,41,33,0,0,6,0
1696,68,595,0,0,8,0
1697,78,407,0,0,5,0
1698,46,54,0,0,7,0
1699,71,299,0,0,7,0
1700,6,583,1,1,6,0
1701,82,534,0,0,8,1
1702,71,426,3,1,3,0
1703,32,199,3,1,2,0
1704,28,90,1,0,2,0
1705,20,154,0,1,8,0
1706,10,74,0,1,6,0
1707,7,610,0,1,8,0
1708,67,540,0,0,6,0
1709,48,480,0,0,5,0
1710,61,499,0,0,4,0
1711,36,100,0,0,6,0
1712,77,550,0,0,8,0
1713,90,430,1,0,7,0
1714,35,111,1,0,1,0
1715,38,421,0,0,4,0
1716,46,498,0,0,5,0
1717,33,68,0,0,6,0
1718,70,217,1,0,1,0
1719,51,38,1,0,7,0
1720,18,202,0,0,8,0
1721,97,68,1,0,6,0
1722,32,439,0,0,8,0
1723,9,34,0,1,8,0
1724,6,531,0,1,4,0
1725,80,527,0,0,8,0
1726,74,613,0,0,2,0
1727,49,588,0,0,7,0
1728,21,276,0,0,2,0
1729,95,398,0,0,5,0
1730,56,485,3,0,2,0
1731,48,623,1,1,6,0
1732,26,657,0,0,6,0
1733,3,124,0,0,7,0
1734,39,504,1,1,8,0
1735,33,553,0,0,7,0
1736,42,471,0,0,3,0
1737,80,237,0,0,6,0
1738,9,331,0,1,9,0
1739,52,52,0,0,4,0
1740,78,401,0,0,5,0
1741,68,294,0,0,4,0
1742,45,478,0,0,7,0
1743,47,251,0,0,2,0
1744,34,315,0,0,5,0
1745,81,297,0,0,6,0
1746,72,462,0,0,6,0
1747,23,15,0,0,5,0
1748,29,419,0,0,1,0
1749,80,16,0,0,6,0
1750,30,254,1,0,7,0
1751,15,651,0,1,9,0
1752,86,439,0,0,6,0
1753,68,634,0,0,2,0
1754,54,388,0,0,0,0
1755,44,105,0,0,6,0
1756,7,610,0,1,8,0
1757,87,671,0,0,8,0
1758,59,626,0,0,8,0
1759,16,329,0,0,7,0
1760,1,334,0,0,1,0
1761,64,561,0,0,6,0
1762,72,134,0,0,5,0
1763,98,625,0,0,6,0
1764,91,215,0,0,7,0
1765,8,546,0,1,8,0
1766,20,605,0,0,8,0
1767,6,648,0,0,6,0
1768,54,204,0,0,6,0
1769,72,672,0,0,8,0
1770,46,241,0,0,3,0
1771,11,330,0,0,5,0
1772,21,80,0,0,4,0
1773,89,320,1,0,1,0
1774,82,144,0,0,6,0
1775,69,353,1,0,6,0
1776,55,382,0,0,6,0
1777,13,271,0,0,3,0
1778,80,76,0,0,6,0
1779,97,25,1,0,4,0
1780,27,60,0,0,4,0
1781,99,4,0,0,3,0
1782,87,625,1,0,6,0
1783,85,429,0,0,5,0
1784,30,468,0,1,7,0
1785,82,172,1,0,7,0
1786,21,388,0,0,5,0
1787,92,206,0,0,0,0
1788,95,392,0,0,5,0
1789,2,64,0,1,1,0
1790,74,603,1,0,3,0
1791,49,635,0,0,8,0
1792,71,592,0,0,9,0
1793,72,3,1,0,1,0
1794,68,527,1,0,7,0
1795,4,502,0,0,2,0
1796,80,345,0,0,9,0
1797,15,276,1,0,5,0
1798,70,347,0,1,7,0
1799,91,304,0,0,5,0
1800,10,16,0,0,7,0
1801,99,85,1,0,4,0
1802,25,263,0,0,7,0
1803,34,270,0,0,6,0
1804,57,326,0,0,2,0
1805,84,665,0,0,7,0
1806,51,289,0,0,8,0
1807,97,310,0,0,5,0
1808,13,501,0,1,2,0
1809,92,404,0,0,1,0
1810,30,405,0,1,9,0
1811,30,266,0,0,9,0
1812,11,473,0,0,7,0
1813,72,499,0,0,6,0
1814,39,103,0,0,7,0
1815,0,293,0,1,4,0
1816,15,568,0,0,5,0
1817,12,295,0,0,1,0
1818,56,466,1,0,6,0
1819,39,697,0,0,6,0
1820,55,647,0,1,6,0
1821,60,505,0,0,9,0
1822,73,393,3,1,2,0
1823,90,69,0,0,6,0
1824,86,304,0,0,2,0
1825,37,206,0,0,7,0
1826,7,657,3,1,5,0
1827,29,8,0,0,19,0
1828,19,358,0,0,7,0
1829,14,171,0,0,6,0
1830,72,149,0,0,8,0
1831,56,651,2,1,6,1
1832,85,408,0,0,8,0
1833,62,610,0,0,2,0
1834,1,536,0,1,3,0
1835,28,294,0,1,4,0
1836,70,323,2,0,6,0
1837,84,591,0,0,6,0
1838,89,362,0,0,7,0
1839,73,521,0,0,1,0
1840,42,651,0,0,7,0
1841,16,601,0,0,3,0
1842,16,198,0,0,6,0
1843,56,328,0,0,4,0
1844,65,260,0,0,2,0
1845,10,599,1,1,4,0
1846,13,632,1,1,7,0
1847,78,298,0,0,5,0
1848,51,51,0,0,6,0
1849,27,638,0,0,10,0
1850,30,113,3,1,2,0
1851,71,122,0,0,6,0
1852,97,384,0,0,4,0
1853,83,76,0,0,6,0
1854,3,545,0,0,6,0
1855,71,73,0,0,2,0
1856,3,144,0,0,7,0
1857,15,684,0,1,9,0
1858,52,161,1,0,1,0
1859,8,497,0,0,4,0
1860,89,351,0,0,8,0
1861,66,624,0,1,6,0
1862,22,62,1,1,7,0
1863,56,74,0,0,7,0
1864,74,408,1,0,2,0
1865,48,43,0,0,3,0
1866,67,605,0,0,7,0
1867,24,163,0,0,4,0
1868,67,236,1,1,2,0
1869,38,295,0,0,5,0
1870,86,490,1,0,6,0
1871,90,669,0,0,3,0
1872,87,60,3,0,1,0
1873,62,520,0,0,8,0
1874,23,28,2,0,8,0
1875,99,36,0,0,1,0
1876,29,254,0,0,6,0
1877,52,660,1,0,6,0
1878,90,92,1,0,1,0
1879,9,34,0,0,1,0
1880,71,383,0,0,3,0
1881,13,493,0,0,7,0
1882,16,79,0,0,7,0
1883,94,105,0,0,2,0
1884,77,250,0,0,6,0
1885,20,157,1,0,4,0
1886,51,416,0,0,1,0
1887,81,298,0,0,5,0
1888,71,146,0,0,7,0
1889,36,469,0,0,6,0
1890,95,278,1,0,7,0
1891,32,72,0,0,0,0
1892,32,598,1,0,5,0
1893,85,625,0,0,2,0
1894,93,678,2,1,8,0
1895,24,522,0,0,8,0
1896,44,676,2,1,8,0
1897,15,500,0,0,6,0
1898,82,396,0,0,6,0
1899,27,496,0,0,7,0
1900,72,552,0,0,7,0
1901,7,9,0,0,3,0
1902,57,163,0,0,3,0
1903,84,619,4,1,4,0
1904,53,273,1,0,3,0
1905,48,539,0,0,5,1
1906,2,299,0,0,5,0
1907,65,585,2,0,8,0
1908,45,373,0,0,2,0
1909,42,595,0,1,5,0
1910,29,379,0,0,7,0
1911,83,223,0,0,5,0
1912,93,276,0,0,3,0
1913,40,175,0,0,6,0
1914,47,91,0,0,7,0
1915,50,449,0,0,3,0
1916,40,663,0,0,7,0
1917,3,478,0,1,4,0
1918,62,589,0,1,8,0
1919,25,100,0,0,5,0
1920,48,304,0,0,4,0
1921,56,145,3,1,2,0
1922,68,533,0,0,8,0
1923,64,693,0,0,7,0
1924,67,67,0,0,1,0
1925,94,655,0,0,7,0
1926,82,510,0,0,3,0
1927,3,606,0,1,2,0
1928,24,11,0,0,1,0
1929,54,457,0,0,8,0
1930,20,504,0,0,7,0
1931,96,358,0,0,5,0
1932,19,286,0,0,3,0
1933,60,50,0,0,1,0
1934,2,687,0,1,8,0
1935,13,220,0,0,4,0
1936,37,59,0,0,0,0
1937,59,165,0,0,6,0
1938,55,617,1,0,7,0
1939,60,434,1,1,2,0
1940,48,55,0,0,4,0
1941,38,363,0,0,5,0
1942,8,357,3,1,6,0
1943,19,14,0,0,3,0
1944,32,421,0,1,9,0
1945,27,177,0,0,7,0
1946,58,311,0,0,3,0
1947,59,252,0,0,5,0
1948,29,123,0,0,3,0
1949,60,489,1,1,2,0
1950,41,159,2,0,1,0
1951,27,502,1,0,4,0
1952,28,98,1,0,4,0
1953,8,546,0,1,8,0
1954,18,450,0,0,7,0
1955,76,236,0,0,3,0
1956,0,269,0,0,1,0
1957,32,698,0,0,5,0
1958,2,284,0,0,7,0
1959,16,82,0,1,8,0
1960,56,573,1,1,8,0
1961,97,489,0,0,9,0
1962,15,651,0,1,9,0
1963,35,139,2,0,1,0
1964,3,386,0,0,4,0
1965,49,504,0,0,7,0
1966,4,554,0,0,5,0
1967,45,510,0,0,7,0
1968,37,374,0,0,4,0
1969,39,253,0,0,8,0
1970,38,79,0,0,2,0
1971,8,197,1,1,3,0
1972,89,460,0,0,7,0
1973,47,257,1,1,3,0
1974,75,89,2,0,5,0
1975,86,440,0,0,8,0
1976,4,39,3,1,2,0
1977,73,671,1,1,4,0
1978,46,553,0,0,4,0
1979,38,531,1,0,8,0
1980,73,180,0,0,3,0
1981,66,480,0,0,6,0
1982,36,189,0,0,6,0
1983,29,663,0,1,8,0
1984,29,19,0,0,3,0
1985,6,286,0,0,7,0
1986,97,236,0,0,8,0
1987,61,582,0,0,5,0
1988,68,503,1,0,8,0
1989,73,287,0,0,2,0
1990,90,121,0,0,5,0
1991,81,407,0,0,3,0
1992,1,502,0,0,8,0
1993,79,329,3,1,2,0
1994,92,520,0,0,9,0
1995,31,693,0,1,5,0
1996,46,459,0,0,6,0
1997,14,487,0,1,9,0
1998,89,442,0,0,8,0
1999,31,93,0,0,6,1
2000,75,644,0,0,8,0
2001,42,139,0,0,6,0
2002,53,452,0,0,6,0
2003,53,161,0,0,6,0
2004,23,146,0,0,4,0
2005,57,500,0,0,4,0
2006,49,128,0,0,5,0
2007,6,476,0,0,6,0
2008,29,257,0,0,4,0
2009,5,662,1,1,8,0
2010,98,699,0,0,9,0
2011,80,478,1,1,6,0
2012,4,217,0,0,5,0
2013,70,231,0,0,8,0
2014,32,428,0,0,7,0
2015,82,276,1,0,8,0
2016,27,208,0,0,2,0
2017,94,635,0,0,6,0
2018,23,395,0,0,3,0
2019,97,460,0,0,7,0
2020,25,508,1,0,6,0
2021,92,425,0,0,4,0
2022,98,644,0,0,7,0
2023,19,214,0,0,6,0
2024,80,212,0,0,5,0
2025,80,658,0,0,7,0
2026,79,213,0,0,6,0
2027,50,22,0,0,4,0
2028,60,293,2,0,4,0
2029,44,683,0,1,6,0
2030,0,186,0,0,1,0
2031,28,479,0,0,4,0
2032,35,282,1,0,7,0
2033,49,9,0,0,2,0
2034,46,29,0,0,8,0
2035,97,5,0,0,4,0
2036,51,469,0,0,8,0
2037,80,633,0,0,7,0
2038,10,345,0,0,5,0
2039,29,542,0,0,7,0
2040,74,186,0,0,7,0
2041,54,249,0,0,2,0
2042,93,535,0,0,4,0
2043,63,688,0,0,6,0
2044,92,541,0,0,2,0
2045,40,298,0,0,4,0
2046,70,610,0,0,7,0
2047,96,87,0,0,5,0
2048,81,255,0,0,7,0
2049,63,330,0,0,5,0
2050,85,188,0,0,3,0
2051,51,289,0,0,8,0
2052,23,537,0,1,5,0
2053,95,359,0,0,5,0
2054,11,144,0,1,4,0
2055,42,361,0,0,6,0
2056,77,96,0,0,5,0
2057,40,674,0,0,8,0
2058,32,601,0,0,8,0
2059,48,534,0,0,4,0
2060,24,500,0,0,7,0
2061,61,563,0,0,2,0
2062,6,92,1,0,2,0
2063,16,270,0,0,3,0
2064,39,237,0,0,4,0
2065,2,304,0,1,7,0
2066,49,253,0,0,7,0
2067,31,60,0,0,2,0
2068,58,559,2,1,1,0
2069,5,662,1,1,8,0
2070,90,406,0,0,5,0
2071,47,274,0,0,1,0
2072,25,399,0,0,6,0
2073,60,640,2,1,6,0
2074,67,579,2,0,6,0
2075,40,103,0,0,4,0
2076,63,40,0,0,3,0
2077,1,652,0,1,9,0
2078,89,132,2,0,3,0
2079,40,488,0,0,6,0
2080,5,610,0,0,7,0
2081,3,386,0,0,4,0
2082,1,563,1,1,5,0
2083,24,388,0,0,7,0
2084,89,652,1,1,2,0
2085,48,394,0,0,7,0
2086,31,557,1,0,6,0
2087,68,46,0,0,4,0
2088,46,242,0,0,5,0
2089,92,342,0,0,7,0
2090,80,209,0,0,4,0
2091,16,309,0,0,7,0
2092,50,161,0,0,2,0
2093,93,447,0,0,2,0
2094,51,621,0,0,7,0
2095,24,657,0,0,7,0
2096,79,325,0,0,7,0
2097,26,670,0,0,8,0
2098,86,697,0,0,5,0
2099,68,11,1,0,5,0
2100,98,270,3,0,2,0
2101,34,333,0,0,5,0
2102,60,458,1,1,2,0
2103,3,666,0,1,6,0
2104,65,240,0,0,7,0
2105,83,435,0,0,7,0
2106,64,477,1,1,3,0
2107,85,306,0,0,0,0
2108,69,686,0,0,8,0
2109,48,172,0,0,2,0
2110,21,86,0,0,7,0
2111,30,272,1,0,6,0
2112,39,51,0,0,7,0
2113,76,122,0,0,2,0
2114,11,694,0,1,9,0
2115,26,152,0,0,8,0
2116,34,159,0,0,6,0
2117,72,515,0,0,5,0
2118,13,123,0,0,6,0
2119,58,165,2,0,6,0
2120,12,220,1,1,4,0
2121,23,98,0,0,9,0
2122,33,99,0,0,5,0
2123,30,360,0,0,5,0
2124,15,262,0,0,4,0
2125,25,198,0,0,7,0
2126,4,652,1,0,4,0
2127,80,154,0,0,8,0
2128,30,272,1,0,6,0
2129,6,369,0,0,7,0
2130,16,50,0,0,6,0
2131,57,63,0,0,6,0
2132,9,160,0,0,3,0
2133,59,111,1,0,6,0
2134,78,157,0,0,4,0
2135,90,628,0,1,6,0
2136,74,119,0,0,6,0
2137,10,334,0,0,6,0
2138,63,393,1,0,3,0
2139,13,246,0,0,7,0
2140,98,372,0,0,8,0
2141,4,502,0,0,2,0
2142,94,461,4,1,3,0
2143,91,190,3,0,1,0
2144,66,220,0,0,4,0
2145,14,118,1,0,6,0
2146,77,368,3,1,7,0
2147,41,165,0,0,4,0
2148,21,337,0,0,3,0
2149,25,113,2,0,6,0
2150,2,536,2,1,2,0
2151,51,556,0,0,2,0
2152,3,621,0,0,8,0
2153,32,540,1,0,7,0
2154,84,250,0,0,5,0
2155,49,239,0,0,8,0
2156,69,481,1,0,8,0
2157,96,69,0,0,2,0
2158,23,407,0,0,5,0
2159,18,105,0,0,4,0
2160,8,537,1,0,5,0
2161,21,145,1,0,3,0
2162,60,51,1,0,2,0
2163,48,172,0,0,2,0
2164,36,107,0,0,3,0
2165,36,491,0,1,2,0
2166,63,495,0,0,7,0
2167,2,698,0,0,6,0
2168,38,602,2,1,3,0
2169,61,699,1,1,6,0
2170,52,466,0,0,8,0
2171,25,71,0,0,7,0
2172,63,314,1,0,6,0
2173,10,378,1,1,6,0
2174,65,5,0,0,8,0
2175,71,330,0,0,8,0
2176,0,585,0,0,6,0
2177,3,621,0,1,8,0
2178,88,545,0,0,2,0
2179,15,500,0,0,6,0
2180,80,624,0,0,8,0
2181,17,689,0,0,7,0
2182,76,100,1,0,7,0
2183,52,571,0,0,6,0
2184,28,351,0,0,4,0
2185,31,503,0,0,8,0
2186,42,146,0,0,2,0
2187,24,61,0,0,7,0
2188,42,627,0,0,2,0
2189,12,336,0,0,13,0
2190,88,558,0,0,6,0
2191,67,467,0,0,8,0
2192,54,87,0,0,1,0
2193,40,377,0,0,8,0
2194,73,625,0,0,7,0
2195,81,217,0,0,4,0
2196,12,362,2,1,1,0
2197,7,420,0,0,7,0
2198,33,6,0,0,4,0
2199,24,173,1,0,4,0
2200,55,643,0,0,7,0
2201,87,464,0,0,8,0
2202,39,485,0,0,5,0
2203,9,44,0,0,7,0
2204,82,472,1,0,9,0
2205,71,679,0,0,8,0
2206,50,683,0,0,4,0
2207,81,365,0,0,7,0
2208,46,383,0,0,5,0
2209,56,21,1,0,7,0
2210,91,157,1,0,6,0
2211,8,158,0,0,3,0
2212,40,624,0,1,7,0
