cust_id,education,year_birth,num_children,income,Cluster
1,Postgraduate,1957,0,58138.0,0
2,Postgraduate,1954,2,46344.0,1
3,Postgraduate,1965,0,71613.0,0
4,Postgraduate,1984,1,26646.0,1
5,PhD,1981,1,58293.0,2
6,Postgraduate,1967,1,62513.0,2
7,Postgraduate,1971,1,55635.0,2
8,PhD,1985,1,33454.0,1
9,PhD,1974,1,30351.0,1
10,PhD,1950,2,5648.0,1
11,Undergraduate,1976,0,7500.0,1
12,Postgraduate,1959,0,63033.0,0
13,Postgraduate,1952,2,59354.0,2
14,Postgraduate,1987,0,17323.0,1
15,PhD,1946,0,82800.0,0
16,Postgraduate,1980,2,41850.0,1
17,Postgraduate,1946,0,37760.0,1
18,Postgraduate,1949,1,76995.0,2
19,Undergraduate,1985,1,33812.0,1
20,Postgraduate,1982,0,37040.0,1
21,Postgraduate,1979,1,2447.0,0
22,PhD,1949,1,58607.0,2
23,PhD,1954,1,65324.0,2
24,Postgraduate,1951,1,40689.0,2
25,Postgraduate,1969,0,18589.0,1
26,Postgraduate,1976,2,53359.0,1
27,Postgraduate,1989,1,38360.0,1
28,PhD,1965,0,84618.0,0
29,Postgraduate,1989,0,10979.0,1
30,Postgraduate,1963,0,38620.0,1
31,Postgraduate,1970,1,40548.0,1
32,PhD,1952,2,46610.0,1
33,Postgraduate,1946,0,68657.0,0
34,Postgraduate,1951,2,49389.0,1
35,PhD,1970,1,67353.0,2
36,Undergraduate,1976,1,23718.0,1
37,Postgraduate,1973,1,42429.0,1
38,PhD,1943,0,48948.0,0
39,Postgraduate,1980,1,80011.0,0
40,Postgraduate,1985,1,20559.0,1
41,Postgraduate,1957,1,21994.0,1
42,Postgraduate,1975,1,7500.0,1
43,Postgraduate,1976,0,79941.0,0
44,Undergraduate,1996,0,7500.0,1
45,Postgraduate,1968,1,41728.0,1
46,PhD,1954,2,72550.0,2
47,Postgraduate,1957,1,65486.0,2
48,Postgraduate,1964,0,79143.0,0
49,Postgraduate,1977,1,35790.0,1
50,Postgraduate,1977,0,82582.0,0
51,Postgraduate,1978,2,66373.0,2
52,Postgraduate,1955,0,82384.0,0
53,Postgraduate,1966,0,70287.0,0
54,Postgraduate,1988,1,27938.0,1
55,PhD,1968,1,55954.0,2
56,Postgraduate,1982,0,75777.0,0
57,Postgraduate,1975,2,66653.0,2
58,Postgraduate,1952,1,61823.0,2
59,PhD,1951,1,67680.0,2
60,Postgraduate,1948,0,70666.0,0
61,Postgraduate,1971,1,25721.0,1
62,Postgraduate,1967,2,32474.0,1
63,Undergraduate,1979,1,88194.0,2
64,Postgraduate,1958,1,69096.0,2
65,Postgraduate,1970,3,74854.0,2
66,Postgraduate,1954,0,66991.0,0
67,Postgraduate,1959,1,65031.0,2
68,PhD,1975,2,60631.0,2
69,Postgraduate,1952,0,28332.0,1
70,Postgraduate,1977,1,40246.0,1
71,Postgraduate,1972,0,75251.0,0
72,Postgraduate,1976,0,75825.0,0
73,Undergraduate,1976,0,26326.0,1
74,Postgraduate,1965,0,56046.0,2
75,Postgraduate,1985,1,29760.0,1
76,Postgraduate,1969,1,26304.0,1
77,Undergraduate,1973,1,23559.0,1
78,Postgraduate,1963,0,38620.0,1
79,Postgraduate,1987,0,81361.0,0
80,Postgraduate,1960,2,29440.0,1
81,Postgraduate,1970,2,36138.0,1
82,Postgraduate,1957,1,50388.0,2
83,Postgraduate,1973,0,79593.0,0
84,Postgraduate,1967,1,54178.0,1
85,Postgraduate,1972,1,42394.0,1
86,PhD,1970,1,23626.0,1
87,Postgraduate,1983,1,30096.0,1
88,Postgraduate,1960,1,47916.0,2
89,Postgraduate,1972,2,51813.0,1
90,Undergraduate,1951,0,78497.0,0
91,PhD,1983,0,50150.0,0
92,Undergraduate,1960,1,47823.0,1
93,PhD,1959,1,34554.0,1
94,Postgraduate,1979,1,85693.0,0
95,PhD,1945,0,65846.0,0
96,Postgraduate,1959,0,87195.0,0
97,Undergraduate,1979,1,24594.0,1
98,Postgraduate,1964,2,49096.0,1
99,Postgraduate,1969,2,52413.0,2
100,Postgraduate,1978,1,38557.0,1
101,Postgraduate,1960,0,89058.0,0
102,Postgraduate,1979,1,77298.0,2
103,PhD,1991,0,68126.0,0
104,Postgraduate,1963,1,57288.0,2
105,Postgraduate,1991,0,86037.0,0
106,PhD,1980,1,43974.0,2
107,Postgraduate,1962,2,50785.0,1
108,Postgraduate,1970,0,90765.0,0
109,Undergraduate,1978,1,36550.0,2
110,Undergraduate,1967,2,30753.0,1
111,Postgraduate,1969,1,21918.0,1
112,Postgraduate,1953,1,56129.0,2
113,Postgraduate,1967,1,32557.0,1
114,Postgraduate,1985,2,19510.0,1
115,Postgraduate,1976,1,30992.0,1
116,Postgraduate,1983,0,101970.0,0
117,Undergraduate,1965,0,71488.0,0
118,Postgraduate,1984,0,79607.0,0
119,Postgraduate,1953,2,54348.0,1
120,PhD,1956,2,77376.0,2
121,Postgraduate,1952,1,62998.0,2
122,Postgraduate,1958,2,61331.0,2
123,Postgraduate,1969,0,73448.0,0
124,PhD,1964,2,41551.0,1
125,PhD,1967,0,62981.0,0
126,Undergraduate,1976,1,9548.0,1
127,PhD,1959,3,33762.0,1
128,PhD,1973,2,35860.0,1
129,PhD,1965,2,36921.0,1
130,Postgraduate,1992,0,92859.0,0
131,Postgraduate,1976,1,65104.0,2
132,Postgraduate,1962,0,86111.0,0
133,PhD,1974,1,68352.0,2
134,Postgraduate,1988,1,41883.0,1
135,Postgraduate,1976,2,59809.0,2
136,Postgraduate,1975,1,23957.0,1
137,Postgraduate,1981,1,38547.0,1
138,Undergraduate,1973,3,35688.0,1
139,Postgraduate,1966,0,49605.0,1
140,Postgraduate,1953,2,59354.0,2
141,Postgraduate,1969,1,65747.0,2
142,Undergraduate,1972,1,46344.0,2
143,Postgraduate,1988,1,34176.0,1
144,PhD,1952,1,61010.0,2
145,Postgraduate,1949,0,69372.0,0
146,Postgraduate,1958,1,49967.0,1
147,Postgraduate,1978,3,60199.0,1
148,Postgraduate,1977,1,55375.0,1
149,Postgraduate,1955,0,80317.0,0
150,Postgraduate,1958,3,30523.0,1
151,PhD,1945,0,70356.0,0
152,Postgraduate,1984,1,23228.0,1
153,PhD,1975,0,74165.0,0
154,PhD,1973,1,157243.0,0
155,Postgraduate,1966,3,43482.0,1
156,Postgraduate,1953,0,62551.0,0
157,Postgraduate,1959,0,52332.0,1
158,Postgraduate,1988,0,66951.0,0
159,Postgraduate,1957,2,26091.0,1
160,Postgraduate,1965,2,33456.0,1
161,Postgraduate,1982,1,28718.0,1
162,Postgraduate,1970,2,50447.0,1
163,PhD,1959,2,53537.0,1
164,Postgraduate,1967,1,52074.0,1
165,PhD,1975,1,80427.0,2
166,PhD,1948,0,83837.0,0
167,PhD,1970,2,38853.0,1
168,Postgraduate,1959,3,38285.0,1
169,Undergraduate,1951,0,78497.0,0
170,PhD,1976,1,51650.0,1
171,Undergraduate,1988,1,16248.0,1
172,Postgraduate,1946,0,66835.0,2
173,Postgraduate,1984,1,30477.0,1
174,Undergraduate,1961,0,28249.0,1
175,Postgraduate,1983,1,25271.0,1
176,PhD,1970,1,32303.0,1
177,Postgraduate,1966,1,61286.0,2
178,Postgraduate,1976,0,74068.0,0
179,PhD,1964,2,45759.0,1
180,Undergraduate,1978,1,24882.0,1
181,PhD,1989,0,66973.0,0
182,Postgraduate,1988,1,38872.0,1
183,Postgraduate,1973,2,51148.0,1
184,Postgraduate,1977,2,31353.0,1
185,Postgraduate,1980,0,69661.0,0
186,Postgraduate,1954,0,80067.0,0
187,Postgraduate,1954,0,86718.0,0
188,PhD,1973,2,46854.0,1
189,Postgraduate,1952,1,69142.0,2
190,Postgraduate,1968,0,75922.0,0
191,Postgraduate,1978,1,63693.0,2
192,PhD,1977,0,102160.0,0
193,PhD,1965,2,40637.0,1
194,Postgraduate,1984,0,18890.0,1
195,Postgraduate,1988,1,29604.0,1
196,Postgraduate,1963,2,48721.0,1
197,Postgraduate,1966,1,44794.0,1
198,Postgraduate,1954,1,64497.0,2
199,Postgraduate,1956,1,46097.0,1
200,Postgraduate,1954,0,77972.0,0
201,PhD,1968,2,44377.0,1
202,Postgraduate,1974,2,46014.0,2
203,Postgraduate,1985,0,70951.0,0
204,Postgraduate,1977,1,41443.0,2
205,Undergraduate,1978,3,52195.0,1
206,Postgraduate,1948,0,83790.0,0
207,Postgraduate,1954,1,44551.0,1
208,Postgraduate,1980,1,69508.0,2
209,Undergraduate,1988,1,45204.0,1
210,Postgraduate,1969,0,72460.0,0
211,PhD,1970,2,77622.0,2
212,PhD,1980,1,30732.0,1
213,Postgraduate,1962,1,63887.0,2
214,Postgraduate,1978,1,42011.0,1
215,Postgraduate,1976,1,51369.0,2
216,Postgraduate,1952,1,51537.0,2
217,PhD,1972,0,79930.0,0
218,PhD,1986,1,34320.0,1
219,Postgraduate,1966,2,37070.0,2
220,Undergraduate,1962,1,81975.0,0
221,Postgraduate,1971,1,38590.0,1
222,Postgraduate,1951,0,15033.0,1
223,PhD,1965,1,62745.0,2
224,Undergraduate,1975,1,22212.0,1
225,Postgraduate,1982,1,23661.0,1
226,PhD,1958,1,79761.0,2
227,Postgraduate,1973,1,7500.0,1
228,Postgraduate,1968,0,73455.0,0
229,Postgraduate,1958,1,64961.0,2
230,Postgraduate,1971,1,22804.0,1
231,Postgraduate,1990,0,73687.0,0
232,Postgraduate,1958,1,61074.0,2
233,PhD,1964,2,31686.0,1
234,Postgraduate,1972,1,80134.0,2
235,Postgraduate,1953,1,75027.0,2
236,PhD,1988,0,67546.0,0
237,Postgraduate,1969,1,65176.0,2
238,Postgraduate,1975,1,31160.0,1
239,Postgraduate,1985,1,29938.0,1
240,Postgraduate,1974,0,102692.0,0
241,Undergraduate,1958,0,26490.0,1
242,Postgraduate,1967,2,75702.0,2
243,PhD,1974,1,30899.0,1
244,PhD,1961,1,63342.0,2
245,Postgraduate,1964,1,45989.0,1
246,Postgraduate,1964,2,18701.0,1
247,PhD,1957,3,40737.0,1
248,Postgraduate,1979,1,15287.0,1
249,PhD,1968,2,69674.0,2
250,Postgraduate,1970,1,44159.0,1
251,PhD,1978,1,37717.0,1
252,Postgraduate,1952,2,43776.0,1
253,Postgraduate,1966,2,38179.0,1
254,Postgraduate,1963,0,80124.0,0
255,PhD,1970,2,38097.0,1
256,Postgraduate,1970,0,72940.0,0
257,Postgraduate,1970,1,22070.0,1
258,Postgraduate,1953,0,69267.0,0
259,Postgraduate,1983,1,31788.0,1
260,PhD,1975,1,61905.0,1
261,Postgraduate,1960,2,29315.0,1
262,Postgraduate,1963,2,33378.0,1
263,PhD,1963,1,66313.0,2
264,Postgraduate,1956,0,60714.0,0
265,Postgraduate,1981,0,77882.0,0
266,PhD,1986,0,69867.0,0
267,Postgraduate,1968,1,63841.0,2
268,Undergraduate,1981,1,24480.0,1
269,Postgraduate,1976,1,51369.0,2
270,Postgraduate,1946,0,37760.0,1
271,PhD,1974,1,65640.0,2
272,Postgraduate,1975,2,44319.0,1
273,Postgraduate,1974,1,30631.0,1
274,Postgraduate,1952,0,75278.0,0
275,Postgraduate,1956,2,50898.0,2
276,Postgraduate,1966,0,79946.0,0
277,Postgraduate,1949,0,35416.0,2
278,Undergraduate,1984,0,32414.0,1
279,Postgraduate,1969,1,38361.0,1
280,Postgraduate,1980,0,82497.0,0
281,Postgraduate,1971,2,16626.0,1
282,Postgraduate,1965,2,29672.0,1
283,Postgraduate,1952,1,55951.0,2
284,Undergraduate,1988,1,35388.0,1
285,Postgraduate,1986,1,42386.0,1
286,Postgraduate,1982,0,68627.0,0
287,PhD,1965,1,57912.0,2
288,Postgraduate,1958,2,35246.0,1
289,Undergraduate,1956,1,58821.0,2
290,PhD,1978,1,46377.0,1
291,Postgraduate,1988,1,39747.0,1
292,Postgraduate,1984,1,23976.0,1
293,Postgraduate,1961,0,80950.0,0
294,Postgraduate,1966,0,27038.0,1
295,Postgraduate,1947,0,77457.0,0
296,Postgraduate,1964,1,64100.0,2
297,Postgraduate,1992,0,42670.0,1
298,Postgraduate,1976,1,12571.0,1
299,Postgraduate,1967,3,22574.0,1
300,Postgraduate,1976,0,70893.0,0
301,Postgraduate,1966,2,54198.0,1
302,Postgraduate,1956,2,28839.0,1
303,Postgraduate,1972,2,40321.0,1
304,Postgraduate,1985,1,66503.0,2
305,Postgraduate,1951,2,30833.0,1
306,Postgraduate,1971,1,64795.0,2
307,Postgraduate,1974,1,34421.0,1
308,PhD,1965,2,47025.0,1
309,PhD,1961,1,64325.0,2
310,Postgraduate,1953,1,40464.0,2
311,Postgraduate,1957,0,62187.0,0
312,PhD,1976,1,14849.0,1
313,Postgraduate,1984,1,27255.0,1
314,PhD,1950,3,54432.0,1
315,PhD,1986,1,29999.0,1
316,Postgraduate,1983,1,24072.0,1
317,PhD,1989,0,33996.0,1
318,PhD,1956,1,66334.0,2
319,Postgraduate,1971,1,35178.0,1
320,Postgraduate,1983,1,22010.0,1
321,Postgraduate,1960,2,62204.0,2
322,Postgraduate,1968,0,75693.0,0
323,Postgraduate,1972,1,30675.0,1
324,Postgraduate,1965,0,83003.0,0
325,Postgraduate,1988,0,68655.0,0
326,Postgraduate,1986,0,41411.0,1
327,PhD,1969,1,55212.0,2
328,PhD,1950,1,59292.0,2
329,Undergraduate,1973,1,27190.0,1
330,Postgraduate,1952,0,82623.0,0
331,Postgraduate,1965,2,44300.0,1
332,Postgraduate,1970,0,84835.0,0
333,Postgraduate,1971,2,30372.0,1
334,Postgraduate,1976,1,33181.0,1
335,Postgraduate,1957,1,71113.0,2
336,Postgraduate,1986,1,71952.0,2
337,PhD,1966,0,69759.0,0
338,Postgraduate,1974,0,72099.0,0
339,PhD,1976,1,60000.0,2
340,Postgraduate,1978,2,38643.0,1
341,Postgraduate,1955,1,50737.0,1
342,PhD,1969,0,68462.0,0
343,Postgraduate,1943,0,65073.0,0
344,PhD,1948,2,46681.0,2
345,Postgraduate,1957,0,78618.0,0
346,PhD,1969,1,62187.0,2
347,Postgraduate,1978,2,28442.0,1
348,PhD,1978,1,37717.0,1
349,Postgraduate,1967,2,51479.0,2
350,Postgraduate,1969,1,54803.0,2
351,Postgraduate,1960,0,79530.0,0
352,Postgraduate,1976,1,31615.0,1
353,Postgraduate,1962,0,72025.0,0
354,PhD,1975,1,52614.0,2
355,Undergraduate,1984,1,35684.0,1
356,Postgraduate,1975,2,48178.0,1
357,Postgraduate,1970,1,29548.0,1
358,Postgraduate,1966,1,63810.0,2
359,PhD,1972,2,38578.0,1
360,Postgraduate,1975,2,46098.0,1
361,Postgraduate,1970,0,22585.0,1
362,Postgraduate,1989,1,30279.0,1
363,PhD,1961,1,66426.0,2
364,Postgraduate,1969,1,30822.0,1
365,PhD,1969,2,33581.0,1
366,Postgraduate,1985,1,19986.0,1
367,Postgraduate,1954,0,27421.0,1
368,Undergraduate,1973,3,35688.0,1
369,Postgraduate,1981,1,36143.0,1
370,Postgraduate,1971,1,10245.0,1
371,Postgraduate,1968,1,43795.0,2
372,Postgraduate,1960,1,63381.0,2
373,Postgraduate,1949,1,38823.0,1
374,PhD,1968,2,83664.0,2
375,Postgraduate,1979,0,90300.0,0
376,Postgraduate,1979,1,62499.0,1
377,Postgraduate,1993,0,74293.0,0
378,PhD,1946,0,51012.0,1
379,Postgraduate,1968,1,70777.0,2
380,PhD,1991,0,68682.0,0
381,Postgraduate,1971,2,43824.0,1
382,Postgraduate,1984,1,15345.0,1
383,Postgraduate,1987,1,23442.0,1
384,Undergraduate,1980,1,14515.0,1
385,Undergraduate,1956,2,31395.0,1
386,Postgraduate,1965,0,75276.0,0
387,Postgraduate,1974,2,42373.0,1
388,Postgraduate,1960,0,30507.0,1
389,PhD,1955,3,55521.0,2
390,Postgraduate,1965,2,48006.0,1
391,PhD,1972,1,27213.0,1
392,PhD,1971,2,65808.0,2
393,PhD,1974,1,30351.0,1
394,Postgraduate,1963,2,50437.0,2
395,Undergraduate,1982,1,23616.0,1
396,Postgraduate,1976,1,53858.0,2
397,PhD,1955,1,66465.0,2
398,Postgraduate,1987,1,46923.0,1
399,Postgraduate,1962,1,75072.0,2
400,PhD,1943,0,75865.0,0
401,Undergraduate,1975,1,19789.0,1
402,Postgraduate,1994,0,80134.0,0
403,Postgraduate,1981,0,91065.0,0
404,Postgraduate,1971,2,49505.0,2
405,PhD,1973,1,37401.0,1
406,Postgraduate,1983,1,30096.0,1
407,Postgraduate,1982,1,18492.0,1
408,Postgraduate,1974,0,82584.0,0
409,PhD,1941,0,93027.0,0
410,Postgraduate,1953,3,48686.0,1
411,Postgraduate,1986,0,92910.0,0
412,Postgraduate,1989,1,75433.0,2
413,Undergraduate,1989,1,10404.0,1
414,Postgraduate,1968,1,61314.0,2
415,PhD,1961,0,84865.0,0
416,Postgraduate,1989,1,42387.0,2
417,Undergraduate,1967,2,67309.0,2
418,Postgraduate,1964,1,75236.0,2
419,Postgraduate,1970,1,30015.0,1
420,Postgraduate,1956,1,50943.0,1
421,Postgraduate,1966,1,67272.0,2
422,Postgraduate,1949,1,51529.0,2
423,PhD,1971,1,32011.0,1
424,Undergraduate,1986,1,7500.0,1
425,Postgraduate,1989,1,28691.0,1
426,PhD,1948,1,56223.0,1
427,Postgraduate,1946,0,18100.0,1
428,Postgraduate,1989,1,30279.0,1
429,Undergraduate,1974,0,20130.0,1
430,Postgraduate,1959,0,23295.0,1
431,Postgraduate,1972,1,42618.0,1
432,Postgraduate,1964,0,81246.0,0
433,Postgraduate,1976,1,24027.0,1
434,PhD,1953,1,55707.0,2
435,Postgraduate,1955,1,57959.0,2
436,Postgraduate,1969,1,56796.0,2
437,Postgraduate,1971,1,36230.0,1
438,Undergraduate,1980,2,70829.0,2
439,Postgraduate,1976,1,65991.0,2
440,Postgraduate,1972,3,38988.0,1
441,Undergraduate,1966,0,89572.0,0
442,Postgraduate,1984,1,42207.0,1
443,Postgraduate,1952,1,50300.0,1
444,Undergraduate,1982,0,66664.0,0
445,Postgraduate,1964,1,60597.0,2
446,Postgraduate,1949,0,70165.0,0
447,PhD,1958,1,50520.0,1
448,Postgraduate,1963,0,80124.0,0
449,Postgraduate,1975,1,33183.0,1
450,PhD,1969,0,66582.0,0
451,PhD,1955,0,75261.0,0
452,Postgraduate,1970,1,31880.0,1
453,Postgraduate,1951,2,53790.0,2
454,PhD,1971,1,49269.0,2
455,Postgraduate,1975,1,61456.0,0
456,Postgraduate,1980,1,37406.0,1
457,PhD,1981,1,56937.0,2
458,Postgraduate,1978,2,38415.0,1
459,Postgraduate,1988,1,20518.0,1
460,Postgraduate,1956,1,62503.0,2
461,PhD,1972,2,41644.0,1
462,Postgraduate,1977,1,55842.0,2
463,PhD,1972,1,62010.0,2
464,Postgraduate,1977,1,41124.0,2
465,Postgraduate,1973,1,38961.0,1
466,Postgraduate,1972,1,37760.0,1
467,Postgraduate,1974,1,32233.0,1
468,Postgraduate,1975,1,43057.0,1
469,Postgraduate,1960,0,83151.0,0
470,PhD,1964,0,78825.0,0
471,Postgraduate,1976,1,65104.0,2
472,Postgraduate,1974,1,60093.0,2
473,Postgraduate,1969,1,14045.0,1
474,Undergraduate,1952,0,28457.0,1
475,PhD,1958,1,78952.0,2
476,Postgraduate,1976,1,46310.0,1
477,Postgraduate,1955,0,76005.0,0
478,Postgraduate,1964,1,58308.0,2
479,PhD,1944,0,55614.0,2
480,Postgraduate,1962,1,59432.0,2
481,Postgraduate,1978,1,55563.0,1
482,PhD,1971,1,78642.0,2
483,PhD,1949,1,67911.0,2
484,Postgraduate,1944,0,65275.0,0
485,Postgraduate,1950,2,27203.0,1
486,Postgraduate,1961,1,48330.0,1
487,Undergraduate,1990,0,24279.0,1
488,PhD,1985,1,64355.0,2
489,Postgraduate,1956,1,50943.0,1
490,Postgraduate,1953,0,53653.0,2
491,Postgraduate,1976,1,65665.0,0
492,Postgraduate,1989,0,81217.0,0
493,Postgraduate,1992,0,34935.0,1
494,Postgraduate,1959,1,61250.0,2
495,PhD,1981,1,39665.0,1
496,Postgraduate,1979,1,60152.0,2
497,Postgraduate,1964,2,48920.0,2
498,Postgraduate,1959,0,89120.0,0
499,PhD,1946,1,44124.0,2
500,Postgraduate,1975,0,81169.0,0
501,Postgraduate,1961,2,36443.0,1
502,Postgraduate,1990,1,26095.0,1
503,Postgraduate,1959,0,71367.0,0
504,Postgraduate,1944,0,80184.0,0
505,Postgraduate,1965,2,30630.0,1
506,Postgraduate,1987,0,73454.0,0
507,Postgraduate,1991,0,42691.0,1
508,Postgraduate,1953,0,70503.0,0
509,Postgraduate,1987,1,25545.0,1
510,Postgraduate,1986,1,32880.0,1
511,PhD,1958,0,77863.0,0
512,Postgraduate,1977,0,50353.0,0
513,Postgraduate,1964,0,61839.0,0
514,PhD,1960,2,49154.0,2
515,Undergraduate,1975,1,47682.0,2
516,Postgraduate,1969,1,72679.0,2
517,Postgraduate,1977,2,57954.0,2
518,Postgraduate,1962,2,65316.0,1
519,Postgraduate,1982,1,28567.0,1
520,Postgraduate,1951,1,47352.0,1
521,Postgraduate,1967,1,44931.0,1
522,Postgraduate,1967,0,76982.0,0
523,Undergraduate,1952,1,57247.0,1
524,Postgraduate,1981,1,22944.0,1
525,Undergraduate,1977,1,25315.0,1
526,Postgraduate,1969,1,43638.0,1
527,PhD,1984,1,42710.0,2
528,PhD,1982,0,84169.0,0
529,Postgraduate,1976,1,54058.0,2
530,Undergraduate,1990,1,24683.0,1
531,Postgraduate,1964,0,85620.0,0
532,Postgraduate,1980,1,47850.0,1
533,Postgraduate,1968,2,19514.0,1
534,Postgraduate,1973,2,27159.0,1
535,Undergraduate,1963,2,39548.0,1
536,Postgraduate,1989,1,21474.0,1
537,PhD,1971,1,60504.0,2
538,Postgraduate,1963,0,22419.0,1
539,Postgraduate,1949,0,81698.0,0
540,Postgraduate,1952,2,43462.0,1
541,PhD,1978,1,54880.0,2
542,Postgraduate,1982,0,79908.0,0
543,Undergraduate,1970,0,15315.0,1
544,Postgraduate,1959,1,87771.0,0
545,Postgraduate,1978,1,33039.0,1
546,Postgraduate,1980,0,81741.0,0
547,Postgraduate,1971,1,71499.0,2
548,Undergraduate,1970,1,62466.0,2
549,PhD,1963,1,48799.0,1
550,PhD,1950,1,52157.0,1
551,Postgraduate,1962,1,66565.0,2
552,Postgraduate,1951,2,29298.0,1
553,Postgraduate,1979,1,47691.0,1
554,Postgraduate,1970,2,38200.0,1
555,Postgraduate,1974,1,44989.0,2
556,PhD,1968,2,38443.0,1
557,Undergraduate,1978,1,38593.0,1
558,PhD,1970,1,64413.0,2
559,Postgraduate,1981,1,36959.0,1
560,PhD,1977,1,61996.0,2
561,Postgraduate,1968,2,51287.0,1
562,Postgraduate,1970,2,13260.0,1
563,PhD,1966,2,47472.0,1
564,Postgraduate,1956,2,54603.0,1
565,PhD,1974,2,45207.0,1
566,Postgraduate,1951,1,40689.0,2
567,Undergraduate,1967,2,47821.0,1
568,Postgraduate,1951,0,27450.0,1
569,Postgraduate,1983,1,39453.0,1
570,Undergraduate,1971,2,26850.0,1
571,Postgraduate,1955,0,79800.0,0
572,Postgraduate,1961,1,61794.0,2
573,Postgraduate,1955,1,53863.0,2
574,Postgraduate,1959,0,24221.0,1
575,PhD,1984,1,39684.0,1
576,Postgraduate,1975,0,92163.0,0
577,Postgraduate,1965,0,69882.0,0
578,Postgraduate,1977,1,33178.0,1
579,PhD,1972,0,59973.0,0
580,Postgraduate,1975,1,17459.0,1
581,Postgraduate,1969,1,23910.0,1
582,Postgraduate,1969,2,42169.0,1
583,Undergraduate,1978,1,26224.0,1
584,Postgraduate,1981,1,31089.0,1
585,Postgraduate,1961,1,30081.0,1
586,Postgraduate,1960,1,62807.0,2
587,Postgraduate,1955,0,72906.0,0
588,PhD,1948,2,61467.0,2
589,Postgraduate,1966,2,49618.0,1
590,Postgraduate,1986,1,21888.0,1
591,Postgraduate,1973,1,42429.0,1
592,Postgraduate,1956,3,26150.0,1
593,Undergraduate,1975,1,30801.0,1
594,Postgraduate,1965,0,81168.0,0
595,Postgraduate,1969,0,26877.0,1
596,Postgraduate,1944,0,45006.0,1
597,Undergraduate,1973,1,18978.0,1
598,Postgraduate,1967,3,22574.0,1
599,PhD,1969,0,48240.0,0
600,Postgraduate,1974,2,45837.0,2
601,Postgraduate,1965,3,35791.0,1
602,PhD,1976,2,162397.0,2
603,Postgraduate,1978,2,54162.0,1
604,Postgraduate,1960,1,30522.0,1
605,PhD,1961,1,54456.0,2
606,Postgraduate,1971,0,31632.0,1
607,Postgraduate,1949,0,72298.0,0
608,Undergraduate,1978,1,36975.0,1
609,Undergraduate,1955,0,72635.0,0
610,Postgraduate,1976,1,13624.0,1
611,Postgraduate,1975,1,84196.0,2
612,Postgraduate,1960,1,70971.0,0
613,PhD,1977,2,34487.0,1
614,Postgraduate,1977,1,28769.0,1
615,PhD,1970,1,69084.0,2
616,PhD,1958,0,65488.0,0
617,Undergraduate,1970,1,62466.0,2
618,Undergraduate,1960,0,32218.0,1
619,Postgraduate,1973,0,83917.0,0
620,Postgraduate,1962,3,46102.0,1
621,Postgraduate,1952,0,84574.0,0
622,Postgraduate,1962,1,56181.0,2
623,Postgraduate,1950,1,63120.0,2
624,Postgraduate,1971,1,73691.0,2
625,Postgraduate,1960,1,63381.0,2
626,PhD,1948,0,76140.0,0
627,PhD,1959,1,62859.0,2
628,Postgraduate,1964,1,45906.0,2
629,Postgraduate,1947,0,77632.0,0
630,PhD,1971,2,46463.0,1
631,Postgraduate,1970,0,105471.0,0
632,Postgraduate,1970,1,55282.0,1
633,Postgraduate,1977,1,78710.0,2
634,Postgraduate,1958,1,66886.0,2
635,Postgraduate,1960,0,98777.0,0
636,Postgraduate,1985,1,29103.0,1
637,Postgraduate,1974,1,67445.0,2
638,PhD,1950,1,50616.0,1
639,Postgraduate,1955,1,49431.0,2
640,Postgraduate,1975,0,153924.0,0
641,Postgraduate,1953,1,61278.0,1
642,Undergraduate,1958,0,26490.0,1
643,PhD,1947,1,73059.0,2
644,PhD,1966,3,46734.0,1
645,Postgraduate,1963,1,56253.0,2
646,Postgraduate,1985,1,19986.0,1
647,Postgraduate,1975,1,58330.0,2
648,Undergraduate,1980,0,25965.0,1
649,Postgraduate,1956,0,14661.0,1
650,Postgraduate,1959,0,18690.0,1
651,PhD,1974,1,45068.0,1
652,Undergraduate,1987,1,21063.0,1
653,PhD,1968,1,29187.0,1
654,Undergraduate,1971,2,54690.0,1
655,PhD,1964,1,59304.0,2
656,Postgraduate,1962,2,59247.0,2
657,Postgraduate,1970,1,66731.0,2
658,Postgraduate,1980,1,77353.0,2
659,PhD,1975,1,52614.0,2
660,Postgraduate,1974,2,26751.0,1
661,PhD,1963,1,81300.0,2
662,Postgraduate,1979,0,70337.0,0
663,Undergraduate,1985,1,36145.0,1
664,PhD,1980,0,65295.0,0
665,Postgraduate,1963,1,68118.0,2
666,Postgraduate,1967,0,68743.0,0
667,Undergraduate,1982,0,41039.0,0
668,Postgraduate,1955,1,38946.0,1
669,Postgraduate,1967,0,65777.0,0
670,PhD,1976,1,66476.0,2
671,PhD,1972,0,86857.0,0
672,PhD,1982,0,160803.0,0
673,PhD,1989,0,77845.0,0
674,PhD,1969,0,69476.0,0
675,PhD,1960,1,50611.0,2
676,Postgraduate,1970,0,61209.0,0
677,Postgraduate,1958,1,42315.0,1
678,Undergraduate,1952,0,13084.0,1
679,Postgraduate,1949,2,47570.0,1
680,Postgraduate,1961,2,61923.0,1
681,Postgraduate,1995,0,34824.0,1
682,PhD,1949,2,26518.0,1
683,Postgraduate,1961,0,45938.0,0
684,Postgraduate,1960,0,78468.0,0
685,Postgraduate,1973,1,78901.0,2
686,Postgraduate,1978,2,71427.0,2
687,Postgraduate,1978,1,71022.0,2
688,Postgraduate,1988,0,90247.0,0
689,Postgraduate,1968,1,41335.0,1
690,Postgraduate,1986,1,71952.0,2
691,PhD,1970,1,35682.0,1
692,Postgraduate,1951,1,43185.0,2
693,PhD,1948,1,66375.0,2
694,Postgraduate,1971,1,35178.0,1
695,Postgraduate,1986,1,25252.0,1
696,Postgraduate,1965,1,55250.0,2
697,Postgraduate,1975,1,33249.0,1
698,Postgraduate,1953,0,58398.0,0
699,Postgraduate,1982,1,50272.0,1
700,PhD,1975,0,76618.0,0
701,Undergraduate,1960,0,87305.0,0
702,Postgraduate,1978,1,25851.0,1
703,Postgraduate,1970,1,58710.0,2
704,Postgraduate,1958,2,45160.0,1
705,Postgraduate,1965,1,74806.0,2
706,Postgraduate,1954,0,59111.0,2
707,PhD,1984,1,18988.0,1
708,Postgraduate,1965,0,72190.0,0
709,Postgraduate,1976,1,7500.0,1
710,Postgraduate,1966,1,44794.0,1
711,Postgraduate,1955,0,80395.0,0
712,Postgraduate,1976,0,75012.0,0
713,Postgraduate,1965,3,56962.0,2
714,Postgraduate,1991,0,89891.0,2
715,PhD,1949,2,35946.0,1
716,PhD,1953,2,53593.0,2
717,Postgraduate,1978,2,66373.0,2
718,PhD,1948,3,45072.0,1
719,Postgraduate,1973,2,89694.0,2
720,Postgraduate,1949,0,72025.0,0
721,Postgraduate,1973,1,67432.0,2
722,Postgraduate,1952,1,70545.0,2
723,Undergraduate,1989,1,17487.0,1
724,Postgraduate,1969,1,62882.0,2
725,PhD,1953,1,64108.0,2
726,Postgraduate,1956,2,34941.0,1
727,PhD,1950,3,48767.0,1
728,Undergraduate,1978,1,38702.0,1
729,Postgraduate,1964,0,82224.0,0
730,Postgraduate,1952,0,83844.0,0
731,Undergraduate,1975,1,17003.0,1
732,Postgraduate,1995,0,71163.0,0
733,Postgraduate,1970,1,33697.0,1
734,Undergraduate,1954,0,63564.0,0
735,PhD,1972,0,83443.0,0
736,PhD,1958,1,51518.0,2
737,Postgraduate,1975,1,58330.0,2
738,Postgraduate,1969,0,80952.0,0
739,Postgraduate,1979,0,75507.0,0
740,Undergraduate,1978,0,63855.0,0
741,PhD,1972,1,62220.0,2
742,Postgraduate,1964,1,58512.0,2
743,Postgraduate,1979,1,40662.0,1
744,PhD,1959,1,38829.0,1
745,Undergraduate,1981,1,35523.0,1
746,Postgraduate,1967,2,79146.0,2
747,Postgraduate,1988,0,78285.0,0
748,PhD,1978,1,31626.0,1
749,Postgraduate,1952,0,75127.0,0
750,Postgraduate,1955,1,48726.0,1
751,Postgraduate,1977,0,74985.0,0
752,Postgraduate,1987,0,67430.0,0
753,Undergraduate,1965,1,46891.0,1
754,Postgraduate,1956,1,62058.0,2
755,Postgraduate,1979,1,72063.0,2
756,PhD,1951,0,78939.0,0
757,Postgraduate,1965,2,42720.0,2
758,Postgraduate,1972,2,33622.0,1
759,PhD,1957,1,6835.0,1
760,Postgraduate,1953,2,41452.0,1
761,PhD,1965,1,40760.0,1
762,PhD,1958,0,74250.0,0
763,Postgraduate,1955,2,51124.0,1
764,Postgraduate,1971,1,72258.0,0
765,PhD,1974,0,71466.0,0
766,Postgraduate,1976,2,36283.0,1
767,Postgraduate,1970,1,20587.0,1
768,Postgraduate,1972,1,30467.0,1
769,Postgraduate,1972,1,31590.0,1
770,Undergraduate,1986,1,20425.0,1
771,Postgraduate,1960,2,17144.0,1
772,PhD,1968,1,42564.0,2
773,Postgraduate,1978,1,43783.0,2
774,Postgraduate,1976,1,40780.0,2
775,Postgraduate,1945,0,62847.0,0
776,PhD,1957,0,82017.0,0
777,Postgraduate,1950,0,16813.0,1
778,Postgraduate,1978,2,51267.0,1
779,Postgraduate,1961,1,46524.0,1
780,Postgraduate,1962,0,45183.0,1
781,PhD,1954,1,70421.0,2
782,Undergraduate,1965,1,60161.0,2
783,Postgraduate,1973,0,73926.0,0
784,Postgraduate,1968,1,19329.0,1
785,Postgraduate,1970,1,61872.0,2
786,Postgraduate,1956,2,46984.0,1
787,Postgraduate,1951,2,34838.0,1
788,PhD,1944,0,82716.0,0
789,Postgraduate,1958,0,48192.0,0
790,Postgraduate,1976,2,49681.0,2
791,Postgraduate,1971,1,56850.0,1
792,Postgraduate,1957,1,55267.0,2
793,Postgraduate,1972,2,59666.0,2
794,Postgraduate,1972,1,72504.0,0
795,Postgraduate,1981,0,26872.0,1
796,Postgraduate,1972,1,21359.0,1
797,Postgraduate,1975,0,73170.0,0
798,Postgraduate,1955,1,52750.0,2
799,PhD,1986,0,91820.0,0
800,PhD,1970,1,65968.0,2
801,Postgraduate,1976,2,30772.0,1
802,Postgraduate,1954,0,22507.0,2
803,Postgraduate,1972,1,65685.0,2
804,Undergraduate,1978,1,25804.0,1
805,PhD,1980,0,76412.0,0
806,Postgraduate,1972,1,22063.0,1
807,Postgraduate,1961,0,57091.0,2
808,Postgraduate,1963,0,22419.0,1
809,Postgraduate,1959,1,87771.0,0
810,Undergraduate,1959,1,78353.0,2
811,Postgraduate,1954,3,93404.0,2
812,Postgraduate,1962,3,37859.0,1
813,PhD,1958,1,80995.0,2
814,Postgraduate,1984,1,16529.0,1
815,PhD,1976,2,55412.0,1
816,Postgraduate,1992,0,48789.0,2
817,PhD,1967,2,56575.0,2
818,Undergraduate,1980,1,25130.0,1
819,Postgraduate,1967,2,35441.0,1
820,Postgraduate,1956,1,71391.0,2
821,Postgraduate,1972,1,49494.0,2
822,Postgraduate,1980,0,81702.0,0
823,Undergraduate,1980,1,45889.0,1
824,Postgraduate,1977,1,56628.0,2
825,Postgraduate,1950,2,34026.0,1
826,Postgraduate,1974,1,40049.0,1
827,Postgraduate,1988,1,34176.0,1
828,Postgraduate,1981,1,19419.0,1
829,Undergraduate,1960,0,82504.0,0
830,Postgraduate,1970,0,81205.0,0
831,Undergraduate,1991,0,61618.0,0
832,Postgraduate,1956,1,55284.0,2
833,Postgraduate,1963,1,49980.0,1
834,Postgraduate,1980,2,15072.0,1
835,Postgraduate,1974,1,49166.0,2
836,PhD,1954,1,65324.0,2
837,Undergraduate,1957,0,82347.0,0
838,PhD,1966,2,30843.0,1
839,PhD,1974,1,46374.0,2
840,Postgraduate,1979,1,60474.0,2
841,Postgraduate,1973,1,38576.0,1
842,Postgraduate,1985,2,55357.0,2
843,Postgraduate,1966,2,37758.0,1
844,Undergraduate,1989,0,85710.0,0
845,Postgraduate,1969,1,23228.0,1
846,Postgraduate,1969,2,44602.0,1
847,Postgraduate,1987,0,7500.0,1
848,Undergraduate,1989,1,38683.0,1
849,Undergraduate,1975,1,49514.0,2
850,PhD,1973,1,57906.0,2
851,Postgraduate,1966,1,43456.0,2
852,Postgraduate,1986,2,19485.0,1
853,Postgraduate,1978,1,53172.0,2
854,Postgraduate,1979,1,30545.0,1
855,PhD,1983,0,70123.0,0
856,Postgraduate,1959,1,62450.0,2
857,Postgraduate,1976,1,21675.0,1
858,Undergraduate,1981,2,42395.0,1
859,Postgraduate,1978,1,61346.0,2
860,Postgraduate,1953,0,80812.0,0
861,Postgraduate,1971,2,42835.0,2
862,Postgraduate,1983,1,39922.0,1
863,Postgraduate,1956,0,86424.0,0
864,Undergraduate,1978,1,17117.0,1
865,Postgraduate,1972,1,24762.0,1
866,Postgraduate,1975,1,35797.0,1
867,Postgraduate,1975,2,36627.0,1
868,Undergraduate,1981,2,51111.0,1
869,PhD,1972,0,86857.0,0
870,PhD,1970,0,82072.0,0
871,PhD,1953,3,46231.0,1
872,Postgraduate,1959,2,42243.0,1
873,Postgraduate,1962,2,51195.0,2
874,Postgraduate,1978,0,68092.0,0
875,Postgraduate,1973,1,31814.0,1
876,Postgraduate,1965,2,51390.0,2
877,Postgraduate,1983,0,76630.0,0
878,Undergraduate,1991,1,26868.0,1
879,PhD,1943,0,48948.0,0
880,PhD,1972,1,55260.0,2
881,Postgraduate,1956,1,64090.0,2
882,Postgraduate,1958,1,78331.0,0
883,PhD,1974,1,37087.0,1
884,Postgraduate,1986,1,21846.0,1
885,Postgraduate,1958,0,81320.0,0
886,Postgraduate,1970,1,54137.0,1
887,Postgraduate,1967,0,66825.0,0
888,Postgraduate,1973,0,57100.0,2
889,Postgraduate,1969,3,58917.0,1
890,Postgraduate,1977,0,85072.0,0
891,Postgraduate,1961,0,86429.0,0
892,Postgraduate,1971,1,45684.0,1
893,Postgraduate,1974,1,47889.0,1
894,PhD,1986,0,45921.0,1
895,PhD,1966,0,78420.0,0
896,Postgraduate,1992,0,75114.0,0
897,PhD,1963,1,52278.0,2
898,Postgraduate,1972,1,35641.0,1
899,Postgraduate,1994,0,95529.0,0
900,Postgraduate,1954,0,62820.0,0
901,Postgraduate,1960,0,73113.0,0
902,PhD,1982,0,84169.0,0
903,Undergraduate,1954,1,42607.0,1
904,PhD,1954,0,74637.0,0
905,PhD,1955,2,46015.0,1
906,Postgraduate,1993,0,72354.0,0
907,Postgraduate,1969,1,39858.0,1
908,PhD,1948,2,34469.0,1
909,Postgraduate,1986,1,83033.0,0
910,Postgraduate,1979,0,24401.0,1
911,Postgraduate,1978,0,77583.0,0
912,Undergraduate,1982,0,74116.0,0
913,Postgraduate,1993,0,74293.0,0
914,PhD,1976,1,68397.0,2
915,PhD,1974,0,79632.0,0
916,Postgraduate,1989,1,46107.0,1
917,PhD,1951,1,64950.0,2
918,Undergraduate,1989,1,25443.0,1
919,Postgraduate,1952,0,75127.0,0
920,PhD,1971,1,32892.0,1
921,Postgraduate,1971,0,71796.0,0
922,PhD,1970,1,67536.0,2
923,Postgraduate,1971,1,55239.0,2
924,PhD,1975,1,60554.0,2
925,Undergraduate,1952,2,64831.0,2
926,PhD,1962,1,56067.0,2
927,Postgraduate,1983,0,82025.0,0
928,Postgraduate,1953,0,94384.0,0
929,Undergraduate,1986,0,14906.0,1
930,PhD,1987,0,51563.0,2
931,Undergraduate,1982,1,57937.0,2
932,Postgraduate,1979,2,68274.0,2
933,Postgraduate,1977,1,39771.0,1
934,Undergraduate,1975,1,67893.0,2
935,PhD,1979,1,27922.0,1
936,PhD,1976,2,52190.0,1
937,Postgraduate,1973,2,44051.0,1
938,PhD,1971,2,42767.0,1
939,Postgraduate,1976,2,46106.0,1
940,PhD,1976,2,16927.0,1
941,Postgraduate,1965,1,59754.0,2
942,Postgraduate,1952,1,53700.0,2
943,Postgraduate,1973,2,59041.0,1
944,PhD,1957,1,54237.0,2
945,Postgraduate,1967,1,70647.0,2
946,PhD,1962,1,52597.0,2
947,Postgraduate,1969,1,41021.0,1
948,PhD,1975,1,40233.0,1
949,Postgraduate,1980,2,50183.0,1
950,Postgraduate,1959,1,54753.0,2
951,Postgraduate,1973,0,92955.0,0
952,Postgraduate,1973,1,33471.0,1
953,PhD,1974,1,34596.0,1
954,Postgraduate,1980,1,44010.0,2
955,Postgraduate,1988,0,84219.0,0
956,PhD,1968,3,40706.0,1
957,Undergraduate,1988,1,15716.0,1
958,Undergraduate,1959,1,59052.0,2
959,Postgraduate,1971,0,80573.0,0
960,Postgraduate,1962,0,83715.0,0
961,Postgraduate,1959,0,82576.0,0
962,Postgraduate,1965,3,56962.0,2
963,Postgraduate,1952,2,35704.0,1
964,Postgraduate,1954,1,53103.0,2
965,Undergraduate,1960,2,46779.0,1
966,Postgraduate,1965,0,4861.0,1
967,Postgraduate,1979,1,33462.0,1
968,Postgraduate,1978,1,63693.0,2
969,Postgraduate,1950,0,80763.0,0
970,PhD,1974,1,65352.0,2
971,PhD,1978,0,82170.0,0
972,Postgraduate,1969,0,75759.0,0
973,Undergraduate,1976,0,79689.0,0
974,PhD,1956,2,35340.0,1
975,Postgraduate,1954,0,85683.0,0
976,Undergraduate,1972,1,24884.0,1
977,Postgraduate,1981,1,42021.0,2
978,Postgraduate,1989,1,64449.0,2
979,Postgraduate,1954,2,64587.0,1
980,Postgraduate,1995,0,34824.0,1
981,Postgraduate,1978,0,75437.0,0
982,Postgraduate,1957,2,26091.0,1
983,Postgraduate,1973,1,52845.0,2
984,Postgraduate,1956,1,46086.0,1
985,PhD,1956,1,78028.0,2
986,PhD,1987,0,95169.0,0
987,Undergraduate,1981,2,56337.0,2
988,Postgraduate,1987,1,22434.0,1
989,PhD,1954,1,36930.0,1
990,Postgraduate,1954,1,36130.0,1
991,Postgraduate,1953,1,65569.0,2
992,Postgraduate,1952,0,83844.0,0
993,Postgraduate,1968,2,19514.0,1
994,PhD,1963,2,36736.0,1
995,Postgraduate,1979,1,77568.0,2
996,PhD,1976,1,49187.0,1
997,Postgraduate,1978,1,30168.0,1
998,Postgraduate,1968,1,34053.0,1
999,Postgraduate,1971,2,38196.0,1
1000,Postgraduate,1951,0,59412.0,0
1001,Undergraduate,1965,0,70924.0,0
1002,Postgraduate,1969,0,54165.0,1
1003,Postgraduate,1973,1,32300.0,1
1004,Postgraduate,1976,0,20180.0,1
1005,Postgraduate,1973,1,34961.0,1
1006,PhD,1974,1,28440.0,1
1007,PhD,1953,3,64504.0,2
1008,Postgraduate,1966,1,33564.0,1
1009,Postgraduate,1978,1,17345.0,1
1010,PhD,1967,1,56320.0,2
1011,Postgraduate,1978,1,28647.0,1
1012,Undergraduate,1987,1,15038.0,1
1013,PhD,1958,1,32173.0,1
1014,Undergraduate,1964,1,68316.0,2
1015,Postgraduate,1971,0,74538.0,0
1016,Postgraduate,1971,0,91700.0,0
1017,Postgraduate,1969,0,68695.0,0
1018,Undergraduate,1977,1,31056.0,1
1019,Postgraduate,1973,0,79593.0,0
1020,Postgraduate,1980,0,28071.0,1
1021,PhD,1958,2,37334.0,1
1022,Postgraduate,1972,2,46423.0,1
1023,PhD,1971,1,37126.0,1
1024,Postgraduate,1953,1,47703.0,2
1025,Postgraduate,1959,1,61180.0,2
1026,Postgraduate,1954,2,38998.0,1
1027,Postgraduate,1991,0,8028.0,1
1028,Postgraduate,1962,0,76081.0,0
1029,Postgraduate,1986,1,34728.0,1
1030,Postgraduate,1965,1,33168.0,1
1031,Postgraduate,1966,1,33585.0,1
1032,PhD,1960,1,77037.0,0
1033,Postgraduate,1984,1,35196.0,2
1034,Postgraduate,1966,1,44529.0,2
1035,Undergraduate,1965,0,70924.0,0
1036,PhD,1966,2,28764.0,1
1037,PhD,1949,0,69098.0,0
1038,Undergraduate,1970,2,25959.0,1
1039,Postgraduate,1983,1,27100.0,1
1040,Postgraduate,1985,0,70596.0,0
1041,Postgraduate,1974,1,42557.0,1
1042,PhD,1951,0,53312.0,1
1043,Postgraduate,1952,0,72228.0,0
1044,Postgraduate,1987,0,67605.0,0
1045,Postgraduate,1949,2,62845.0,2
1046,Postgraduate,1958,2,65196.0,2
1047,PhD,1987,0,42000.0,0
1048,PhD,1973,2,35860.0,1
1049,PhD,1964,1,65526.0,2
1050,Postgraduate,1961,2,16860.0,1
1051,Postgraduate,1992,0,83528.0,0
1052,Undergraduate,1965,1,64176.0,2
1053,Postgraduate,1956,0,22304.0,1
1054,Postgraduate,1978,0,67023.0,0
1055,PhD,1971,1,32892.0,1
1056,Postgraduate,1966,1,70713.0,2
1057,Postgraduate,1955,1,59925.0,2
1058,Postgraduate,1953,1,39722.0,1
1059,Postgraduate,1958,0,46610.0,2
1060,Postgraduate,1961,0,88347.0,0
1061,PhD,1981,0,87171.0,0
1062,Undergraduate,1976,2,26907.0,1
1063,Postgraduate,1968,1,50014.0,2
1064,PhD,1978,1,41014.0,1
1065,Postgraduate,1965,0,66294.0,0
1066,Postgraduate,1971,1,36715.0,1
1067,Postgraduate,1956,0,79456.0,0
1068,Postgraduate,1982,1,40479.0,1
1069,Postgraduate,1970,0,75345.0,0
1070,Postgraduate,1977,1,54233.0,2
1071,Postgraduate,1970,2,24163.0,1
1072,PhD,1958,0,84460.0,0
1073,Postgraduate,1983,1,43776.0,1
1074,PhD,1958,0,71691.0,0
1075,PhD,1973,0,85844.0,0
1076,PhD,1974,1,39190.0,1
1077,Postgraduate,1959,0,71367.0,0
1078,PhD,1972,2,38578.0,1
1079,PhD,1965,2,57236.0,1
1080,Postgraduate,1979,1,61825.0,2
1081,Postgraduate,1958,1,79803.0,2
1082,Undergraduate,1986,0,80910.0,0
1083,Postgraduate,1982,1,27590.0,1
1084,Postgraduate,1979,1,56775.0,2
1085,Postgraduate,1975,0,83829.0,0
1086,Undergraduate,1979,1,54210.0,1
1087,Postgraduate,1986,1,38508.0,2
1088,Postgraduate,1970,1,53187.0,1
1089,Postgraduate,1972,1,30023.0,1
1090,PhD,1960,0,76045.0,0
1091,PhD,1952,1,50870.0,1
1092,Undergraduate,1970,0,15315.0,1
1093,Undergraduate,1974,1,65463.0,2
1094,Postgraduate,1965,2,66480.0,2
1095,Postgraduate,1954,0,76773.0,0
1096,Undergraduate,1983,0,81698.0,0
1097,PhD,1973,2,54466.0,1
1098,Postgraduate,1960,0,98777.0,0
1099,PhD,1984,1,16269.0,1
1100,Postgraduate,1971,1,71819.0,2
1101,PhD,1983,1,33569.0,1
1102,Postgraduate,1983,0,36262.0,1
1103,Undergraduate,1966,0,22634.0,1
1104,Undergraduate,1978,1,47025.0,2
1105,Postgraduate,1968,1,70566.0,2
1106,PhD,1979,1,31605.0,1
1107,Postgraduate,1973,2,52034.0,1
1108,Postgraduate,1979,1,48526.0,1
1109,Postgraduate,1954,1,46734.0,1
1110,Postgraduate,1962,2,39552.0,2
1111,Postgraduate,1966,2,86358.0,2
1112,Postgraduate,1977,3,46931.0,1
1113,Undergraduate,1985,0,16581.0,1
1114,Undergraduate,1952,0,63998.0,0
1115,Postgraduate,1951,1,67381.0,2
1116,Postgraduate,1967,2,25930.0,1
1117,Postgraduate,1978,1,42693.0,1
1118,Postgraduate,1976,1,85606.0,0
1119,Postgraduate,1985,0,72903.0,0
1120,Undergraduate,1974,1,49669.0,1
1121,PhD,1968,2,36778.0,1
1122,PhD,1962,0,85696.0,0
1123,Postgraduate,1989,0,10979.0,1
1124,Postgraduate,1961,1,49678.0,1
1125,Postgraduate,1953,1,56129.0,2
1126,Postgraduate,1989,1,37155.0,1
1127,Undergraduate,1978,1,21282.0,1
1128,PhD,1962,1,33419.0,1
1129,Postgraduate,1945,0,63285.0,0
1130,Postgraduate,1974,1,21255.0,1
1131,Postgraduate,1981,1,42162.0,1
1132,Postgraduate,1956,2,54450.0,2
1133,PhD,1954,1,57744.0,2
1134,Postgraduate,1986,1,26576.0,1
1135,PhD,1943,0,57513.0,0
1136,Postgraduate,1964,1,68142.0,2
1137,Postgraduate,1979,1,7500.0,1
1138,Postgraduate,1974,0,83145.0,0
1139,Postgraduate,1960,1,54197.0,1
1140,PhD,1963,2,23091.0,1
1141,Postgraduate,1976,2,46049.0,2
1142,Postgraduate,1974,0,56715.0,0
1143,Postgraduate,1961,0,79410.0,0
1144,Postgraduate,1951,1,57304.0,2
1145,Postgraduate,1965,1,44375.0,1
1146,Postgraduate,1956,2,54450.0,2
1147,Postgraduate,1965,1,59594.0,2
1148,Postgraduate,1994,0,80685.0,0
1149,PhD,1974,1,40344.0,1
1150,Postgraduate,1972,1,62710.0,2
1151,Undergraduate,1968,1,48985.0,1
1152,Postgraduate,1968,3,35322.0,1
1153,Postgraduate,1948,0,77142.0,0
1154,Postgraduate,1969,0,81657.0,0
1155,Undergraduate,1996,0,14421.0,1
1156,Undergraduate,1974,0,20130.0,1
1157,PhD,1990,0,74214.0,0
1158,Postgraduate,1957,2,66726.0,2
1159,Undergraduate,1979,1,23724.0,1
1160,Postgraduate,1960,1,47353.0,1
1161,Postgraduate,1952,2,33444.0,1
1162,Postgraduate,1981,1,54386.0,2
1163,Postgraduate,1981,2,28510.0,1
1164,Postgraduate,1991,0,90638.0,0
1165,Postgraduate,1950,1,48070.0,2
1166,Postgraduate,1957,1,43140.0,1
1167,PhD,1961,1,54959.0,2
1168,Undergraduate,1958,2,15056.0,1
1169,Postgraduate,1971,1,26954.0,1
1170,Postgraduate,1985,1,22327.0,1
1171,Postgraduate,1965,2,44393.0,1
1172,PhD,1952,1,62000.0,2
1173,PhD,1962,1,31497.0,1
1174,Undergraduate,1974,2,45894.0,1
1175,Postgraduate,1970,0,78579.0,0
1176,Postgraduate,1969,1,67369.0,2
1177,Postgraduate,1960,1,58401.0,1
1178,Postgraduate,1952,1,62307.0,1
1179,Postgraduate,1969,2,43641.0,1
1180,Postgraduate,1968,1,63841.0,2
1181,Undergraduate,1965,1,46891.0,1
1182,Postgraduate,1969,1,70091.0,2
1183,PhD,1972,0,78075.0,0
1184,Undergraduate,1961,1,59184.0,0
1185,Postgraduate,1977,2,54809.0,1
1186,Postgraduate,1959,1,58113.0,2
1187,Postgraduate,1958,1,51412.0,1
1188,Postgraduate,1979,1,15287.0,1
1189,Postgraduate,1957,0,66636.0,0
1190,Postgraduate,1956,1,50965.0,2
1191,PhD,1965,0,84618.0,0
1192,Postgraduate,1990,0,18351.0,1
1193,PhD,1957,2,40451.0,1
1194,Postgraduate,1965,1,36317.0,1
1195,Postgraduate,1957,1,42213.0,2
1196,Postgraduate,1955,1,65748.0,2
1197,Postgraduate,1972,1,77044.0,2
1198,Postgraduate,1969,0,74918.0,0
1199,Postgraduate,1972,2,56721.0,1
1200,Postgraduate,1975,2,42160.0,1
1201,Postgraduate,1965,1,61559.0,2
1202,PhD,1963,2,33629.0,1
1203,PhD,1991,0,68682.0,0
1204,Postgraduate,1963,1,34377.0,1
1205,Undergraduate,1986,1,8940.0,1
1206,Postgraduate,1973,1,26228.0,1
1207,Undergraduate,1957,0,77297.0,0
1208,Postgraduate,1981,2,40211.0,1
1209,PhD,1958,2,33438.0,1
1210,PhD,1959,1,75032.0,2
1211,PhD,1955,0,61284.0,2
1212,Postgraduate,1986,1,22518.0,1
1213,Postgraduate,1975,1,54730.0,2
1214,Postgraduate,1955,2,38452.0,1
1215,Postgraduate,1971,2,44421.0,1
1216,PhD,1986,1,38197.0,1
1217,Postgraduate,1978,1,41986.0,1
1218,Postgraduate,1983,1,28427.0,1
1219,PhD,1976,1,37395.0,1
1220,Postgraduate,1971,1,64722.0,2
1221,Postgraduate,1956,1,55249.0,1
1222,Postgraduate,1972,0,84906.0,0
1223,Postgraduate,1989,1,28691.0,1
1224,Postgraduate,1952,2,44213.0,1
1225,Undergraduate,1984,1,25707.0,1
1226,PhD,1967,3,59062.0,1
1227,Postgraduate,1962,1,76624.0,0
1228,Postgraduate,1947,0,66000.0,0
1229,PhD,1978,1,27683.0,1
1230,Postgraduate,1971,0,1730.0,1
1231,Undergraduate,1992,1,7500.0,1
1232,Postgraduate,1968,2,40521.0,1
1233,PhD,1973,1,20427.0,1
1234,Postgraduate,1975,1,65106.0,2
1235,PhD,1965,0,69969.0,0
1236,Postgraduate,1952,2,67433.0,2
1237,PhD,1967,1,77766.0,2
1238,Postgraduate,1972,1,74716.0,2
1239,Postgraduate,1963,1,68118.0,2
1240,PhD,1970,2,55158.0,2
1241,Undergraduate,1955,1,62972.0,2
1242,Postgraduate,1975,1,74190.0,2
1243,Postgraduate,1976,2,39356.0,1
1244,Postgraduate,1969,0,76653.0,0
1245,PhD,1973,2,35860.0,1
1246,PhD,1983,0,90687.0,0
1247,Postgraduate,1982,0,73450.0,0
1248,Postgraduate,1960,2,31454.0,1
1249,Postgraduate,1952,2,47139.0,1
1250,Postgraduate,1975,0,83829.0,0
1251,PhD,1963,2,53378.0,2
1252,Postgraduate,1970,1,19656.0,1
1253,PhD,1948,1,45579.0,1
1254,Undergraduate,1958,0,85485.0,0
1255,Postgraduate,1944,0,55956.0,0
1256,Postgraduate,1963,1,64191.0,2
1257,Postgraduate,1972,1,38808.0,1
1258,Postgraduate,1966,2,57183.0,2
1259,Postgraduate,1968,1,23748.0,1
1260,Postgraduate,1971,1,66303.0,2
1261,Postgraduate,1975,1,37368.0,1
1262,Postgraduate,1964,3,40800.0,1
1263,Postgraduate,1978,0,71847.0,0
1264,Postgraduate,1975,1,46149.0,2
1265,Postgraduate,1983,0,78687.0,0
1266,Undergraduate,1971,0,49118.0,0
1267,PhD,1957,2,37633.0,1
1268,Postgraduate,1951,0,39767.0,2
1269,Undergraduate,1951,0,26997.0,1
1270,Postgraduate,1970,1,33986.0,1
1271,PhD,1972,1,57091.0,2
1272,Undergraduate,1969,2,46831.0,1
1273,Postgraduate,1972,0,83151.0,0
1274,Postgraduate,1971,0,52531.0,0
1275,Postgraduate,1956,0,15759.0,1
1276,Postgraduate,1971,1,22804.0,1
1277,Undergraduate,1973,1,43050.0,1
1278,PhD,1977,2,42997.0,1
1279,PhD,1963,2,48918.0,1
1280,Postgraduate,1954,1,60033.0,1
1281,PhD,1978,1,34043.0,1
1282,Postgraduate,1966,1,57811.0,2
1283,Postgraduate,1946,0,78569.0,0
1284,Postgraduate,1978,2,7500.0,1
1285,Postgraduate,1971,1,157733.0,2
1286,Postgraduate,1953,0,94384.0,0
1287,Undergraduate,1985,0,23148.0,1
1288,Postgraduate,1970,2,44267.0,1
1289,Postgraduate,1979,0,71626.0,0
1290,Postgraduate,1966,1,60894.0,2
1291,Postgraduate,1976,2,50200.0,2
1292,PhD,1965,0,81051.0,0
1293,Postgraduate,1982,0,65169.0,2
1294,Postgraduate,1972,1,59868.0,2
1295,PhD,1960,1,65695.0,2
1296,Postgraduate,1956,0,64857.0,0
1297,Postgraduate,1965,1,45143.0,1
1298,Undergraduate,1955,1,74805.0,0
1299,Undergraduate,1989,1,59060.0,1
1300,PhD,1962,2,27238.0,1
1301,Postgraduate,1965,1,47009.0,2
1302,Undergraduate,1973,2,46094.0,1
1303,Postgraduate,1972,2,40321.0,1
1304,Postgraduate,1984,1,37235.0,1
1305,Postgraduate,1960,0,81843.0,0
1306,Postgraduate,1958,1,46692.0,2
1307,Postgraduate,1968,1,77382.0,2
1308,Postgraduate,1977,2,37774.0,2
1309,Undergraduate,1974,1,18393.0,1
1310,Postgraduate,1962,1,72828.0,2
1311,Postgraduate,1982,0,24711.0,1
1312,PhD,1975,1,45503.0,1
1313,Postgraduate,1982,0,6560.0,1
1314,PhD,1945,0,71604.0,0
1315,Postgraduate,1979,1,27244.0,1
1316,Postgraduate,1969,2,48752.0,1
1317,Postgraduate,1962,1,71434.0,2
1318,Postgraduate,1948,0,90842.0,0
1319,Postgraduate,1978,1,88097.0,2
1320,Postgraduate,1975,1,51948.0,1
1321,Postgraduate,1982,0,71853.0,0
1322,Postgraduate,1983,0,35876.0,1
1323,Postgraduate,1952,1,40049.0,1
1324,Postgraduate,1982,1,39660.0,1
1325,Postgraduate,1962,1,50127.0,1
1326,Postgraduate,1977,1,43263.0,2
1327,Postgraduate,1949,2,62845.0,2
1328,Postgraduate,1990,0,18929.0,1
1329,Undergraduate,1982,1,24367.0,1
1330,Postgraduate,1975,1,33249.0,1
1331,Undergraduate,1959,1,26887.0,1
1332,PhD,1983,0,50150.0,0
1333,Postgraduate,1976,1,62061.0,2
1334,PhD,1962,0,85696.0,0
1335,PhD,1956,0,76542.0,0
1336,Postgraduate,1993,0,70515.0,0
1337,Postgraduate,1987,1,18227.0,1
1338,Postgraduate,1965,1,69139.0,1
1339,Postgraduate,1982,0,69109.0,0
1340,Postgraduate,1962,1,69627.0,2
1341,Postgraduate,1978,1,38136.0,1
1342,PhD,1946,0,62159.0,0
1343,Postgraduate,1963,0,80695.0,0
1344,Postgraduate,1971,2,33316.0,1
1345,Postgraduate,1968,2,58554.0,2
1346,Undergraduate,1992,1,17256.0,1
1347,Postgraduate,1974,2,53034.0,2
1348,Undergraduate,1950,0,52203.0,0
1349,Undergraduate,1977,1,59601.0,2
1350,Postgraduate,1958,1,75154.0,2
1351,Postgraduate,1976,1,47025.0,2
1352,Postgraduate,1973,1,37971.0,1
1353,Postgraduate,1968,1,41335.0,1
1354,Postgraduate,1958,1,67267.0,1
1355,Postgraduate,1975,1,57338.0,1
1356,Undergraduate,1960,2,50523.0,1
1357,Postgraduate,1965,3,35791.0,1
1358,PhD,1960,1,50611.0,2
1359,PhD,1969,1,56242.0,2
1360,Postgraduate,1960,1,48904.0,2
1361,Postgraduate,1975,3,56243.0,2
1362,Postgraduate,1985,1,21355.0,1
1363,Postgraduate,1971,1,57420.0,2
1364,Postgraduate,1955,1,46390.0,1
1365,Undergraduate,1956,2,54342.0,1
1366,Postgraduate,1973,1,20895.0,1
1367,Postgraduate,1948,0,92344.0,0
1368,Undergraduate,1976,2,26907.0,1
1369,Postgraduate,1980,2,44964.0,1
1370,Postgraduate,1979,0,75507.0,0
1371,Postgraduate,1972,2,53761.0,1
1372,Postgraduate,1973,1,22682.0,1
1373,PhD,1972,1,38887.0,1
1374,Undergraduate,1975,2,41658.0,1
1375,PhD,1972,1,29791.0,1
1376,Postgraduate,1956,2,63915.0,2
1377,Postgraduate,1974,2,39996.0,1
1378,Postgraduate,1972,1,26759.0,1
1379,Postgraduate,1968,1,63841.0,2
1380,PhD,1969,2,51039.0,2
1381,Postgraduate,1961,2,60544.0,2
1382,Postgraduate,1972,1,65685.0,2
1383,Postgraduate,1953,1,37716.0,1
1384,Postgraduate,1957,1,36864.0,1
1385,Postgraduate,1970,1,44511.0,2
1386,PhD,1967,2,36947.0,1
1387,Postgraduate,1951,1,47352.0,1
1388,Postgraduate,1953,1,67087.0,2
1389,Postgraduate,1950,1,57045.0,2
1390,PhD,1953,2,36957.0,1
1391,PhD,1977,1,69389.0,2
1392,Postgraduate,1972,1,80134.0,2
1393,Postgraduate,1969,2,43142.0,1
1394,Postgraduate,1944,0,80589.0,0
1395,Postgraduate,1990,1,34412.0,1
1396,Postgraduate,1979,1,57537.0,2
1397,Undergraduate,1966,0,22634.0,1
1398,Postgraduate,1948,0,51315.0,1
1399,Postgraduate,1972,3,36026.0,1
1400,Postgraduate,1973,2,24639.0,1
1401,PhD,1972,3,34578.0,1
1402,Undergraduate,1972,0,65704.0,0
1403,Postgraduate,1966,1,63810.0,2
1404,PhD,1969,1,54132.0,1
1405,Postgraduate,1959,0,18690.0,1
1406,Postgraduate,1970,1,28164.0,1
1407,PhD,1974,1,34596.0,1
1408,PhD,1972,1,43269.0,1
1409,Undergraduate,1958,2,38741.0,1
1410,Postgraduate,1972,0,31907.0,1
1411,Postgraduate,1983,1,27100.0,1
1412,Undergraduate,1973,1,31163.0,1
1413,Postgraduate,1985,0,92533.0,0
1414,Postgraduate,1973,2,34853.0,1
1415,Postgraduate,1967,2,70844.0,2
1416,Undergraduate,1979,2,31086.0,1
1417,Postgraduate,1961,2,60544.0,2
1418,Undergraduate,1986,0,20491.0,1
1419,Postgraduate,1964,0,42523.0,1
1420,Postgraduate,1983,1,39922.0,1
1421,Postgraduate,1952,2,33402.0,1
1422,Postgraduate,1949,2,36408.0,1
1423,Postgraduate,1979,1,21645.0,1
1424,Postgraduate,1948,0,78427.0,0
1425,Postgraduate,1946,0,82657.0,0
1426,Postgraduate,1958,0,51876.0,1
1427,Undergraduate,1971,0,78041.0,0
1428,Postgraduate,1957,1,52852.0,2
1429,PhD,1982,0,70038.0,0
1430,Undergraduate,1973,1,69401.0,2
1431,Postgraduate,1972,1,46053.0,1
1432,Postgraduate,1965,0,77343.0,0
1433,Postgraduate,1953,0,73892.0,0
1434,PhD,1967,1,40304.0,1
1435,PhD,1965,0,32727.0,2
1436,Postgraduate,1969,0,68695.0,0
1437,Postgraduate,1971,1,43300.0,1
1438,Postgraduate,1972,2,26290.0,1
1439,Postgraduate,1970,0,93790.0,0
1440,PhD,1974,0,38410.0,0
1441,Postgraduate,1950,1,64866.0,2
1442,Postgraduate,1959,1,57957.0,2
1443,PhD,1955,2,46015.0,1
1444,Postgraduate,1978,1,16531.0,1
1445,Postgraduate,1986,1,28072.0,1
1446,Postgraduate,1963,1,49476.0,2
1447,Postgraduate,1953,1,50725.0,2
1448,Postgraduate,1952,0,83844.0,0
1449,PhD,1950,2,41145.0,1
1450,Postgraduate,1970,1,67419.0,2
1451,Undergraduate,1970,2,23162.0,1
1452,Postgraduate,1977,1,34380.0,1
1453,Postgraduate,1966,1,34704.0,1
1454,PhD,1969,2,94871.0,2
1455,Postgraduate,1958,1,65148.0,2
1456,Postgraduate,1954,1,39898.0,1
1457,Postgraduate,1956,0,64857.0,0
1458,PhD,1970,1,59892.0,1
1459,Postgraduate,1987,0,41020.0,1
1460,PhD,1961,1,57072.0,2
1461,Postgraduate,1979,1,60474.0,2
1462,Postgraduate,1960,1,62807.0,2
1463,Undergraduate,1981,1,19414.0,1
1464,Postgraduate,1980,1,19107.0,1
1465,Undergraduate,1976,1,75484.0,0
1466,Postgraduate,1976,1,70379.0,2
1467,Postgraduate,1970,0,79419.0,0
1468,PhD,1946,3,64014.0,2
1469,Postgraduate,1955,1,76998.0,2
1470,Postgraduate,1972,1,49854.0,2
1471,PhD,1971,2,60585.0,2
1472,PhD,1950,2,42873.0,1
1473,Postgraduate,1988,0,87679.0,0
1474,Postgraduate,1978,1,57867.0,2
1475,Postgraduate,1990,1,35765.0,1
1476,Postgraduate,1959,0,65492.0,0
1477,Postgraduate,1977,1,32952.0,1
1478,PhD,1969,1,53374.0,2
1479,Postgraduate,1959,1,71706.0,2
1480,Postgraduate,1988,0,68487.0,0
1481,Postgraduate,1975,2,53253.0,2
1482,Undergraduate,1973,1,31163.0,1
1483,Postgraduate,1977,1,42014.0,2
1484,Postgraduate,1973,2,54108.0,2
1485,PhD,1955,0,49667.0,0
1486,Postgraduate,1974,0,63206.0,0
1487,Postgraduate,1972,2,57136.0,2
1488,Undergraduate,1975,1,46772.0,0
1489,PhD,1971,0,78931.0,0
1490,Postgraduate,1958,1,53977.0,2
1491,Postgraduate,1988,0,84219.0,0
1492,Postgraduate,1975,2,46098.0,1
1493,Postgraduate,1965,1,73538.0,2
1494,Postgraduate,1986,0,79529.0,0
1495,Undergraduate,1977,0,20981.0,1
1496,Postgraduate,1980,1,51766.0,1
1497,Postgraduate,1962,1,55759.0,2
1498,Postgraduate,1978,1,33039.0,1
1499,Postgraduate,1972,1,37787.0,1
1500,Postgraduate,1970,1,27242.0,1
1501,PhD,1983,0,87188.0,0
1502,Postgraduate,1971,0,69930.0,0
1503,Postgraduate,1976,1,37697.0,1
1504,PhD,1973,1,37401.0,1
1505,Postgraduate,1973,1,3502.0,1
1506,Postgraduate,1976,2,58597.0,2
1507,PhD,1948,0,82032.0,0
1508,Postgraduate,1958,2,28087.0,1
1509,PhD,1987,0,74004.0,0
1510,Postgraduate,1960,1,19740.0,1
1511,Undergraduate,1975,1,57036.0,2
1512,Undergraduate,1958,2,53083.0,1
1513,PhD,1975,1,69283.0,2
1514,Postgraduate,1975,2,46098.0,1
1515,Undergraduate,1988,1,23331.0,1
1516,Undergraduate,1988,1,23331.0,1
1517,Postgraduate,1989,1,9255.0,1
1518,PhD,1959,0,67786.0,0
1519,PhD,1971,1,71969.0,2
1520,Postgraduate,1967,1,59235.0,2
1521,Postgraduate,1989,1,31928.0,1
1522,Postgraduate,1961,2,74881.0,2
1523,Postgraduate,1978,0,65819.0,0
1524,PhD,1953,3,51411.0,1
1525,Postgraduate,1964,1,51983.0,2
1526,Postgraduate,1986,1,42386.0,1
1527,Undergraduate,1987,0,30390.0,1
1528,Postgraduate,1963,0,30983.0,1
1529,Postgraduate,1957,1,66033.0,2
1530,Undergraduate,1975,2,37284.0,1
1531,Postgraduate,1951,1,57530.0,1
1532,Undergraduate,1965,0,76800.0,0
1533,Postgraduate,1956,1,63943.0,0
1534,Postgraduate,1962,0,76081.0,0
1535,Postgraduate,1974,1,67445.0,2
1536,Postgraduate,1967,2,37054.0,1
1537,Postgraduate,1962,2,47175.0,1
1538,Postgraduate,1976,1,31859.0,1
1539,Postgraduate,1961,3,27215.0,1
1540,PhD,1976,1,70179.0,2
1541,Postgraduate,1983,1,39922.0,1
1542,Postgraduate,1976,2,49681.0,2
1543,Postgraduate,1988,1,24645.0,1
1544,Postgraduate,1954,1,79865.0,0
1545,Postgraduate,1985,1,44322.0,1
1546,Postgraduate,1952,1,47958.0,2
1547,Postgraduate,1964,1,63972.0,2
1548,Postgraduate,1954,1,75315.0,2
1549,PhD,1950,2,55517.0,2
1550,PhD,1957,3,75283.0,2
1551,PhD,1946,0,82800.0,0
1552,Postgraduate,1954,2,38998.0,1
1553,Postgraduate,1991,0,90638.0,0
1554,Postgraduate,1986,1,27161.0,1
1555,Postgraduate,1977,1,42014.0,2
1556,PhD,1960,1,38201.0,1
1557,Postgraduate,1982,2,45203.0,1
1558,PhD,1947,0,81574.0,0
1559,Postgraduate,1992,0,34935.0,1
1560,Postgraduate,1976,1,60482.0,2
1561,Postgraduate,1956,3,34633.0,1
1562,Postgraduate,1947,0,78093.0,0
1563,Postgraduate,1950,0,82460.0,0
1564,Postgraduate,1966,1,45903.0,1
1565,Postgraduate,1987,0,81361.0,0
1566,PhD,1973,2,35860.0,1
1567,Postgraduate,1952,2,40442.0,1
1568,Postgraduate,1965,0,61482.0,0
1569,Postgraduate,1980,1,34968.0,1
1570,Postgraduate,1987,0,75794.0,0
1571,PhD,1962,1,31497.0,1
1572,Postgraduate,1955,0,74268.0,0
1573,Undergraduate,1988,1,13724.0,1
1574,Postgraduate,1965,1,45143.0,1
1575,PhD,1967,1,52569.0,1
1576,PhD,1973,1,48432.0,2
1577,Postgraduate,1960,2,17144.0,1
1578,Postgraduate,1984,1,36108.0,1
1579,Postgraduate,1971,1,76445.0,0
1580,PhD,1975,1,36663.0,1
1581,Postgraduate,1965,1,53843.0,2
1582,Postgraduate,1956,0,90226.0,0
1583,Postgraduate,1955,0,70638.0,0
1584,Postgraduate,1960,2,44512.0,1
1585,Postgraduate,1961,2,27116.0,1
1586,PhD,1963,2,54072.0,1
1587,Postgraduate,1977,1,71855.0,2
1588,Undergraduate,1990,1,51250.0,2
1589,Postgraduate,1973,1,60432.0,2
1590,PhD,1964,1,65526.0,2
1591,Postgraduate,1988,0,68655.0,0
1592,Undergraduate,1978,0,12393.0,1
1593,Postgraduate,1990,0,64509.0,0
1594,Postgraduate,1975,1,33955.0,1
1595,Postgraduate,1977,2,31353.0,1
1596,Postgraduate,1984,1,55434.0,2
1597,Postgraduate,1983,1,28359.0,1
1598,Postgraduate,1987,1,57100.0,1
1599,Postgraduate,1965,1,69139.0,1
1600,Postgraduate,1956,1,52973.0,2
1601,PhD,1965,1,51717.0,1
1602,Postgraduate,1971,1,18793.0,1
1603,Undergraduate,1982,0,66664.0,0
1604,Postgraduate,1959,2,50664.0,2
1605,Postgraduate,1963,2,54414.0,1
1606,PhD,1952,1,54549.0,1
1607,PhD,1971,1,47111.0,2
1608,PhD,1963,0,41003.0,0
1609,Postgraduate,1982,1,19444.0,1
1610,Undergraduate,1976,1,36301.0,1
1611,PhD,1947,1,73059.0,2
1612,PhD,1969,1,42731.0,1
1613,PhD,1959,2,52854.0,1
1614,Postgraduate,1978,1,22775.0,1
1615,PhD,1948,2,46681.0,2
1616,PhD,1955,1,59821.0,2
1617,Postgraduate,1954,1,50002.0,2
1618,Postgraduate,1945,0,69755.0,0
1619,Postgraduate,1969,2,44078.0,1
1620,Postgraduate,1976,1,30560.0,1
1621,Postgraduate,1969,2,35924.0,1
1622,PhD,1964,2,64140.0,2
1623,Postgraduate,1981,2,56386.0,2
1624,Undergraduate,1979,1,24594.0,1
1625,Undergraduate,1981,1,75774.0,2
1626,Postgraduate,1960,0,39228.0,1
1627,Postgraduate,1974,1,58494.0,2
1628,Postgraduate,1981,0,58684.0,2
1629,Postgraduate,1967,0,57136.0,0
1630,PhD,1950,2,56551.0,1
1631,Postgraduate,1982,1,22448.0,1
1632,Postgraduate,1961,0,82014.0,0
1633,Postgraduate,1963,2,34213.0,1
1634,Postgraduate,1977,0,157146.0,0
1635,PhD,1947,1,25358.0,1
1636,Postgraduate,1978,1,35544.0,1
1637,Postgraduate,1954,1,36634.0,1
1638,PhD,1954,1,62670.0,2
1639,Undergraduate,1972,1,50334.0,2
1640,Postgraduate,1981,0,72066.0,0
1641,PhD,1958,2,50729.0,2
1642,Postgraduate,1968,2,34916.0,1
1643,Postgraduate,1976,1,64892.0,2
1644,Postgraduate,1966,2,43602.0,1
1645,PhD,1989,0,33996.0,1
1646,Undergraduate,1985,1,41473.0,1
1647,PhD,1967,2,63246.0,2
1648,PhD,1959,2,36732.0,1
1649,PhD,1970,1,69084.0,2
1650,PhD,1967,1,77766.0,2
1651,PhD,1985,0,37929.0,1
1652,Postgraduate,1951,0,86610.0,0
1653,Postgraduate,1986,0,80141.0,0
1654,Undergraduate,1955,0,72635.0,0
1655,Postgraduate,1970,1,69016.0,2
1656,Undergraduate,1991,0,20193.0,1
1657,Postgraduate,1975,1,27573.0,1
1658,Undergraduate,1979,1,15862.0,1
1659,PhD,1976,1,49544.0,2
1660,Postgraduate,1980,1,33228.0,1
1661,Postgraduate,1978,0,70440.0,0
1662,Postgraduate,1971,2,38232.0,1
1663,PhD,1955,2,22554.0,1
1664,PhD,1983,1,23536.0,1
1665,Postgraduate,1952,1,49413.0,1
1666,Postgraduate,1969,2,42231.0,1
1667,Postgraduate,1980,0,78789.0,0
1668,Postgraduate,1968,1,56534.0,2
1669,Postgraduate,1971,1,58350.0,2
1670,Postgraduate,1989,0,81217.0,0
1671,Postgraduate,1951,1,49090.0,2
1672,Postgraduate,1987,0,61787.0,0
1673,PhD,1985,1,18169.0,1
1674,Undergraduate,1981,1,24336.0,1
1675,Postgraduate,1990,0,18222.0,1
1676,Postgraduate,1952,1,62335.0,2
1677,Undergraduate,1971,2,42033.0,1
1678,PhD,1983,0,86580.0,0
1679,PhD,1957,2,41437.0,1
1680,Postgraduate,1951,2,73705.0,0
1681,Postgraduate,1976,1,61064.0,2
1682,Postgraduate,1955,2,38452.0,1
1683,Postgraduate,1989,1,18358.0,1
1684,PhD,1973,1,55012.0,2
1685,Undergraduate,1973,1,9722.0,1
1686,PhD,1984,1,38175.0,1
1687,Postgraduate,1956,1,58656.0,2
1688,Postgraduate,1965,1,52117.0,1
1689,Postgraduate,1978,1,64813.0,2
1690,PhD,1973,1,54222.0,1
1691,Postgraduate,1986,0,83512.0,0
1692,Postgraduate,1959,1,77520.0,2
1693,Postgraduate,1978,1,41154.0,1
1694,Postgraduate,1966,0,80398.0,0
1695,Undergraduate,1992,1,18746.0,1
1696,Postgraduate,1984,1,35196.0,2
1697,Postgraduate,1956,1,60230.0,2
1698,Postgraduate,1977,2,22108.0,1
1699,Postgraduate,1974,2,44392.0,1
1700,PhD,1976,1,55424.0,2
1701,Postgraduate,1979,1,17688.0,1
1702,PhD,1983,0,92491.0,0
1703,Postgraduate,1991,0,90273.0,0
1704,PhD,1962,0,82571.0,0
1705,PhD,1982,1,38513.0,1
1706,Postgraduate,1979,1,16653.0,1
1707,Postgraduate,1955,2,42586.0,1
1708,Undergraduate,1965,1,23529.0,1
1709,Postgraduate,1961,2,74881.0,2
1710,Postgraduate,1951,1,71107.0,2
1711,PhD,1964,2,46910.0,1
1712,Postgraduate,1959,0,18690.0,1
1713,Postgraduate,1955,2,37244.0,1
1714,Postgraduate,1966,0,82427.0,0
1715,Undergraduate,1958,1,75342.0,2
1716,Postgraduate,1954,1,70044.0,2
1717,Postgraduate,1967,2,79146.0,2
1718,Postgraduate,1963,0,77437.0,0
1719,Postgraduate,1959,1,54984.0,2
1720,PhD,1971,1,42403.0,1
1721,Postgraduate,1964,1,55761.0,1
1722,Postgraduate,1983,1,37292.0,2
1723,PhD,1945,0,45576.0,1
1724,Postgraduate,1947,0,70321.0,0
1725,PhD,1969,1,58086.0,2
1726,Postgraduate,1952,0,81795.0,0
1727,Undergraduate,1947,0,28389.0,1
1728,Postgraduate,1946,0,66835.0,2
1729,Postgraduate,1969,1,69901.0,2
1730,PhD,1949,0,80360.0,0
1731,PhD,1961,1,63342.0,2
1732,Postgraduate,1974,1,44989.0,2
1733,Undergraduate,1980,1,31859.0,1
1734,PhD,1949,1,51569.0,2
1735,Postgraduate,1971,2,30372.0,1
1736,Undergraduate,1979,2,16014.0,1
1737,Postgraduate,1968,2,41120.0,1
1738,Postgraduate,1971,1,39763.0,1
1739,PhD,1955,2,38725.0,1
1740,Postgraduate,1972,1,77981.0,2
1741,Undergraduate,1964,1,62905.0,2
1742,Undergraduate,1979,1,13533.0,1
1743,Postgraduate,1975,1,59481.0,2
1744,Postgraduate,1977,1,72117.0,2
1745,Undergraduate,1986,1,21955.0,1
1746,Postgraduate,1956,1,67131.0,2
1747,PhD,1980,1,36802.0,1
1748,Postgraduate,1982,0,71853.0,0
1749,Undergraduate,1961,0,28249.0,1
1750,Postgraduate,1975,1,47808.0,1
1751,PhD,1974,1,25509.0,1
1752,PhD,1946,0,51012.0,1
1753,Postgraduate,1985,0,70596.0,0
1754,PhD,1952,0,85431.0,0
1755,Postgraduate,1967,1,42664.0,1
1756,Postgraduate,1955,2,42586.0,1
1757,Postgraduate,1985,1,29760.0,1
1758,PhD,1977,0,28973.0,1
1759,PhD,1973,1,39435.0,1
1760,Undergraduate,1984,0,65370.0,0
1761,Undergraduate,1979,1,20194.0,1
1762,PhD,1976,2,42473.0,1
1763,Postgraduate,1968,0,64590.0,0
1764,Postgraduate,1959,1,71232.0,2
1765,Postgraduate,1971,2,34600.0,1
1766,Postgraduate,1967,2,46904.0,1
1767,Postgraduate,1973,1,49094.0,2
1768,Postgraduate,1983,1,36075.0,1
1769,Undergraduate,1979,2,60839.0,2
1770,Postgraduate,1979,1,77298.0,2
1771,Postgraduate,1950,2,34026.0,1
1772,PhD,1963,2,48918.0,1
1773,Undergraduate,1962,0,82122.0,0
1774,Postgraduate,1976,1,37697.0,1
1775,Postgraduate,1952,2,34074.0,1
1776,Postgraduate,1960,2,28520.0,1
1777,Postgraduate,1955,1,62535.0,2
1778,Postgraduate,1977,1,36273.0,1
1779,Postgraduate,1964,2,63404.0,2
1780,Undergraduate,1981,1,75774.0,2
1781,Postgraduate,1976,1,78416.0,2
1782,Postgraduate,1974,1,75702.0,2
1783,Postgraduate,1951,2,59385.0,1
1784,Postgraduate,1966,2,37070.0,2
1785,Postgraduate,1951,2,44689.0,1
1786,Postgraduate,1958,1,53977.0,2
1787,PhD,1966,2,7144.0,2
1788,Postgraduate,1964,2,18701.0,1
1789,Postgraduate,1956,0,90369.0,0
1790,PhD,1974,0,63159.0,0
1791,Postgraduate,1966,2,37758.0,1
1792,PhD,1963,1,46757.0,2
1793,Postgraduate,1969,0,79734.0,0
1794,Postgraduate,1992,0,63207.0,0
1795,Postgraduate,1954,1,72071.0,2
1796,PhD,1983,1,21840.0,1
1797,Undergraduate,1982,1,58582.0,2
1798,Postgraduate,1951,0,72282.0,0
1799,Postgraduate,1956,2,50387.0,2
1800,PhD,1961,2,32583.0,1
1801,Postgraduate,1962,1,62568.0,2
1802,Postgraduate,1971,2,44635.0,1
1803,Postgraduate,1971,2,33316.0,1
1804,Postgraduate,1968,1,63967.0,2
1805,Undergraduate,1978,0,52513.0,0
1806,Postgraduate,1969,1,25293.0,1
1807,PhD,1965,1,54111.0,2
1808,Postgraduate,1986,0,78394.0,0
1809,Postgraduate,1958,0,80739.0,0
1810,Postgraduate,1975,1,22669.0,1
1811,Postgraduate,1987,1,29236.0,1
1812,Postgraduate,1959,1,44911.0,1
1813,PhD,1962,1,54693.0,2
1814,Postgraduate,1974,1,48186.0,1
1815,Postgraduate,1977,2,54809.0,1
1816,Postgraduate,1978,2,41580.0,1
1817,PhD,1970,0,80336.0,0
1818,Postgraduate,1957,1,47743.0,1
1819,Undergraduate,1955,1,62972.0,2
1820,PhD,1954,1,57333.0,2
1821,PhD,1982,1,32313.0,1
1822,Postgraduate,1953,0,84953.0,0
1823,Postgraduate,1968,1,27071.0,1
1824,Postgraduate,1957,0,68148.0,0
1825,Postgraduate,1965,2,65735.0,2
1826,PhD,1975,0,86836.0,0
1827,PhD,1963,2,4023.0,1
1828,Postgraduate,1990,0,30093.0,1
1829,PhD,1966,1,57705.0,2
1830,Postgraduate,1988,1,25008.0,1
1831,Undergraduate,1995,0,83257.0,0
1832,Postgraduate,1975,1,22280.0,1
1833,PhD,1978,0,72159.0,0
1834,Postgraduate,1961,0,64260.0,0
1835,PhD,1984,0,82733.0,0
1836,Postgraduate,1971,1,74290.0,2
1837,Postgraduate,1951,3,58217.0,1
1838,Postgraduate,1976,0,21024.0,1
1839,PhD,1972,0,70116.0,0
1840,Postgraduate,1985,1,54006.0,2
1841,PhD,1966,1,69063.0,2
1842,Undergraduate,1975,0,11448.0,1
1843,Postgraduate,1979,1,61825.0,2
1844,Postgraduate,1971,1,70886.0,2
1845,Postgraduate,1982,0,69109.0,0
1846,Postgraduate,1973,2,60208.0,2
1847,Postgraduate,1968,2,32889.0,1
1848,Postgraduate,1984,1,34738.0,1
1849,Postgraduate,1971,1,30538.0,2
1850,Undergraduate,1977,0,82326.0,0
1851,PhD,1967,1,26642.0,1
1852,Postgraduate,1964,1,69932.0,0
1853,Postgraduate,1972,2,44503.0,1
1854,PhD,1948,1,60200.0,2
1855,Postgraduate,1952,1,49638.0,1
1856,Undergraduate,1987,0,23830.0,1
1857,Postgraduate,1959,0,33051.0,2
1858,Postgraduate,1958,0,72905.0,0
1859,PhD,1951,1,69702.0,2
1860,Postgraduate,1975,1,70300.0,2
1861,PhD,1984,0,70643.0,0
1862,PhD,1969,1,30396.0,1
1863,PhD,1968,1,50616.0,1
1864,Postgraduate,1969,1,62772.0,2
1865,PhD,1985,0,30298.0,1
1866,Postgraduate,1984,1,52413.0,2
1867,PhD,1957,2,44155.0,1
1868,PhD,1971,0,86979.0,0
1869,Postgraduate,1975,2,76532.0,2
1870,Postgraduate,1982,1,42081.0,1
1871,PhD,1988,0,67546.0,0
1872,Postgraduate,1989,0,88420.0,0
1873,Postgraduate,1985,1,31158.0,1
1874,Postgraduate,1968,1,61671.0,2
1875,Postgraduate,1974,0,69719.0,0
1876,Postgraduate,1949,1,49160.0,1
1877,Undergraduate,1978,1,24882.0,1
1878,PhD,1954,0,90933.0,0
1879,PhD,1945,0,113734.0,2
1880,PhD,1950,1,59292.0,2
1881,PhD,1964,2,45759.0,1
1882,Postgraduate,1983,0,22148.0,1
1883,Postgraduate,1987,0,73395.0,0
1884,Postgraduate,1971,1,29819.0,1
1885,Postgraduate,1968,1,45688.0,1
1886,Postgraduate,1954,0,62820.0,0
1887,PhD,1971,1,60491.0,2
1888,Postgraduate,1986,1,33235.0,1
1889,Postgraduate,1959,0,35701.0,1
1890,Postgraduate,1980,1,31535.0,1
1891,Undergraduate,1960,0,92556.0,0
1892,Postgraduate,1970,1,67384.0,2
1893,Postgraduate,1971,0,80573.0,0
1894,Postgraduate,1967,1,77870.0,2
1895,PhD,1963,1,52278.0,2
1896,Postgraduate,1968,1,57107.0,2
1897,Postgraduate,1990,0,18929.0,1
1898,PhD,1981,1,36038.0,1
1899,Postgraduate,1976,0,20180.0,1
1900,PhD,1965,2,34230.0,1
1901,Undergraduate,1977,1,31878.0,1
1902,Undergraduate,1972,1,70932.0,2
1903,Postgraduate,1956,0,91249.0,0
1904,Postgraduate,1943,0,77598.0,0
1905,Postgraduate,1959,2,80982.0,2
1906,Postgraduate,1977,1,22701.0,1
1907,PhD,1969,1,55212.0,2
1908,Postgraduate,1970,0,70617.0,0
1909,Postgraduate,1957,0,64849.0,0
1910,Postgraduate,1965,2,62694.0,2
1911,PhD,1974,2,61917.0,1
1912,PhD,1947,1,67472.0,2
1913,Postgraduate,1982,1,21059.0,1
1914,Postgraduate,1968,2,29543.0,1
1915,Postgraduate,1951,1,75903.0,2
1916,Undergraduate,1975,2,34984.0,1
1917,PhD,1956,1,54998.0,2
1918,PhD,1949,1,54356.0,2
1919,Postgraduate,1959,1,34242.0,1
1920,Postgraduate,1973,1,25410.0,1
1921,PhD,1984,0,73356.0,0
1922,Postgraduate,1950,1,28320.0,1
1923,Postgraduate,1977,1,23763.0,1
1924,Postgraduate,1984,0,72570.0,0
1925,Postgraduate,1976,1,34529.0,1
1926,Postgraduate,1951,0,70792.0,0
1927,Postgraduate,1982,0,63211.0,0
1928,Postgraduate,1974,1,83891.0,0
1929,Postgraduate,1968,2,36065.0,1
1930,Postgraduate,1954,1,39898.0,1
1931,PhD,1940,0,51141.0,1
1932,Postgraduate,1976,1,56939.0,2
1933,Postgraduate,1951,0,80872.0,0
1934,PhD,1976,0,72335.0,0
1935,PhD,1964,0,61798.0,0
1936,PhD,1950,0,76842.0,0
1937,Postgraduate,1976,1,29478.0,1
1938,Postgraduate,1956,1,46998.0,1
1939,Postgraduate,1990,0,96843.0,0
1940,PhD,1950,2,56551.0,1
1941,Postgraduate,1965,1,70053.0,2
1942,PhD,1962,0,71670.0,2
1943,Postgraduate,1978,2,44359.0,1
1944,Postgraduate,1952,2,40887.0,1
1945,Postgraduate,1966,1,48877.0,1
1946,Postgraduate,1947,0,74485.0,0
1947,Postgraduate,1972,1,64474.0,2
1948,Postgraduate,1963,1,77226.0,0
1949,Postgraduate,1949,0,72643.0,0
1950,Postgraduate,1978,0,85738.0,0
1951,Postgraduate,1966,1,55686.0,2
1952,Postgraduate,1983,1,39062.0,1
1953,Postgraduate,1971,2,34600.0,1
1954,Postgraduate,1975,1,40794.0,2
1955,Undergraduate,1971,2,54690.0,1
1956,Postgraduate,1969,1,4428.0,2
1957,Undergraduate,1963,0,32632.0,0
1958,PhD,1968,2,38236.0,1
1959,Postgraduate,1979,1,36781.0,1
1960,Postgraduate,1984,1,31385.0,1
1961,Postgraduate,1984,1,24570.0,1
1962,PhD,1974,1,25509.0,1
1963,Postgraduate,1951,0,94642.0,0
1964,Postgraduate,1962,1,58646.0,1
1965,Postgraduate,1975,2,53201.0,2
1966,Postgraduate,1957,1,21994.0,1
1967,Postgraduate,1978,2,57113.0,1
1968,Postgraduate,1991,0,51373.0,1
1969,Postgraduate,1986,1,23477.0,1
1970,Postgraduate,1956,1,58116.0,2
1971,PhD,1963,0,72968.0,0
1972,Postgraduate,1971,1,39791.0,1
1973,Postgraduate,1947,0,91712.0,0
1974,Postgraduate,1958,1,94472.0,0
1975,Postgraduate,1960,2,13672.0,1
1976,Undergraduate,1980,0,96547.0,0
1977,Postgraduate,1975,0,79205.0,0
1978,PhD,1975,1,56559.0,2
1979,PhD,1973,1,32644.0,2
1980,Undergraduate,1980,1,67506.0,2
1981,Postgraduate,1970,1,24206.0,1
1982,PhD,1967,1,28420.0,1
1983,Postgraduate,1970,1,22979.0,1
1984,Postgraduate,1966,0,33279.0,1
1985,Postgraduate,1972,2,46423.0,1
1986,Postgraduate,1977,1,30368.0,1
1987,Postgraduate,1970,1,63684.0,2
1988,Postgraduate,1964,1,41638.0,2
1989,PhD,1959,1,68805.0,2
1990,PhD,1966,1,65814.0,2
1991,Postgraduate,1958,0,71964.0,0
1992,Postgraduate,1986,1,39146.0,1
1993,Postgraduate,1977,0,96876.0,0
1994,Undergraduate,1981,0,34445.0,0
1995,Postgraduate,1958,0,68281.0,0
1996,Undergraduate,1975,2,37284.0,1
1997,Postgraduate,1983,0,36790.0,1
1998,Postgraduate,1967,2,27943.0,1
1999,Postgraduate,1951,2,22263.0,1
2000,Postgraduate,1972,3,30261.0,1
2001,Postgraduate,1978,1,28587.0,1
2002,Postgraduate,1982,1,43815.0,1
2003,Postgraduate,1956,2,48195.0,1
2004,Postgraduate,1952,1,77027.0,2
2005,PhD,1965,1,71322.0,2
2006,Postgraduate,1979,1,32765.0,1
2007,Postgraduate,1965,2,29672.0,1
2008,Postgraduate,1953,0,23272.0,1
2009,Postgraduate,1949,1,49912.0,2
2010,Undergraduate,1985,1,7500.0,1
2011,PhD,1947,1,68117.0,2
2012,Postgraduate,1955,1,67225.0,2
2013,Postgraduate,1976,1,17649.0,1
2014,Postgraduate,1975,1,55914.0,2
2015,Postgraduate,1984,1,40059.0,2
2016,Postgraduate,1950,1,60905.0,2
2017,Postgraduate,1977,2,75330.0,2
2018,Postgraduate,1951,1,60689.0,2
2019,Postgraduate,1984,1,38680.0,1
2020,Postgraduate,1982,0,61416.0,0
2021,Postgraduate,1991,0,49767.0,2
2022,Postgraduate,1970,3,83273.0,0
2023,Postgraduate,1981,1,29009.0,1
2024,Postgraduate,1979,1,45057.0,1
2025,Postgraduate,1971,1,37150.0,2
2026,Postgraduate,1970,1,43020.0,1
2027,Postgraduate,1959,1,53154.0,1
2028,Postgraduate,1973,0,65308.0,0
2029,Postgraduate,1970,1,76467.0,0
2030,Undergraduate,1947,0,81044.0,0
2031,Postgraduate,1951,2,32871.0,1
2032,Postgraduate,1975,2,55801.0,2
2033,Postgraduate,1959,1,76320.0,2
2034,Postgraduate,1955,2,36927.0,1
2035,Postgraduate,1953,2,48794.0,1
2036,Postgraduate,1965,0,23478.0,1
2037,Postgraduate,1973,1,71128.0,0
2038,PhD,1976,1,70179.0,2
2039,Postgraduate,1950,1,59462.0,2
2040,Postgraduate,1969,1,38361.0,1
2041,PhD,1982,0,70038.0,0
2042,Postgraduate,1978,2,42554.0,1
2043,Postgraduate,1974,1,67445.0,2
2044,Postgraduate,1951,1,67046.0,2
2045,Postgraduate,1948,0,42192.0,1
2046,PhD,1952,1,77610.0,2
2047,Postgraduate,1984,1,31761.0,1
2048,Postgraduate,1979,1,34350.0,1
2049,Postgraduate,1949,1,54591.0,2
2050,Postgraduate,1956,1,71866.0,2
2051,Postgraduate,1969,1,25293.0,1
2052,PhD,1987,0,42000.0,0
2053,Postgraduate,1983,0,69520.0,0
2054,Postgraduate,1970,1,64713.0,2
2055,Postgraduate,1977,1,27889.0,1
2056,Undergraduate,1960,0,22123.0,1
2057,Postgraduate,1973,1,27803.0,1
2058,Postgraduate,1960,1,51651.0,2
2059,Postgraduate,1988,0,68487.0,0
2060,Postgraduate,1969,1,56796.0,2
2061,Undergraduate,1992,0,87000.0,0
2062,Postgraduate,1959,1,79823.0,0
2063,Postgraduate,1980,1,30828.0,1
2064,Postgraduate,1971,1,34109.0,1
2065,Postgraduate,1974,2,53367.0,2
2066,Undergraduate,1969,0,22390.0,1
2067,Postgraduate,1976,1,71322.0,2
2068,Postgraduate,1993,0,79244.0,0
2069,Postgraduate,1949,1,49912.0,2
2070,PhD,1950,2,48699.0,1
2071,Postgraduate,1975,0,80144.0,0
2072,Postgraduate,1956,2,54252.0,1
2073,Postgraduate,1976,1,81929.0,2
2074,Postgraduate,1975,1,76068.0,2
2075,Postgraduate,1976,2,53204.0,1
2076,PhD,1949,1,67911.0,2
2077,Undergraduate,1984,1,14796.0,1
2078,PhD,1974,1,78128.0,2
2079,Undergraduate,1972,0,14188.0,1
2080,Undergraduate,1986,1,20425.0,1
2081,Postgraduate,1962,1,58646.0,1
2082,Postgraduate,1970,1,72967.0,2
2083,Postgraduate,1949,1,48150.0,1
2084,Postgraduate,1961,0,82332.0,0
2085,Postgraduate,1955,2,58275.0,2
2086,PhD,1981,0,44953.0,2
2087,Postgraduate,1953,2,34587.0,1
2088,Postgraduate,1974,1,43018.0,1
2089,Postgraduate,1954,1,45736.0,2
2090,Postgraduate,1969,1,66476.0,2
2091,Undergraduate,1981,1,27733.0,1
2092,PhD,1952,1,69805.0,2
2093,Postgraduate,1962,0,72217.0,0
2094,Postgraduate,1971,1,25818.0,1
2095,Postgraduate,1976,1,37509.0,1
2096,Undergraduate,1976,2,25176.0,1
2097,Postgraduate,1980,1,43586.0,1
2098,Undergraduate,1956,1,53230.0,2
2099,Postgraduate,1957,2,50116.0,1
2100,Postgraduate,1972,0,84906.0,0
2101,Postgraduate,1966,1,61286.0,2
2102,PhD,1986,0,82333.0,0
2103,PhD,1965,0,65220.0,0
2104,Postgraduate,1974,3,33590.0,1
2105,Postgraduate,1976,1,30992.0,1
2106,Postgraduate,1976,0,72309.0,0
2107,PhD,1949,0,156924.0,0
2108,Undergraduate,1980,1,16005.0,1
2109,Postgraduate,1957,0,65487.0,0
2110,Postgraduate,1965,1,58692.0,2
2111,Postgraduate,1969,2,40590.0,1
2112,Postgraduate,1970,1,20587.0,1
2113,Postgraduate,1954,1,62637.0,1
2114,Postgraduate,1966,2,29435.0,1
2115,Postgraduate,1974,1,19346.0,1
2116,Postgraduate,1971,2,35788.0,1
2117,Postgraduate,1968,2,36997.0,1
2118,Postgraduate,1957,0,23539.0,1
2119,Postgraduate,1973,1,65333.0,2
2120,Postgraduate,1957,0,78499.0,2
2121,PhD,1971,1,29732.0,1
2122,Postgraduate,1960,3,41275.0,1
2123,PhD,1973,2,63516.0,2
2124,PhD,1962,1,42769.0,1
2125,Postgraduate,1958,2,49572.0,1
2126,Postgraduate,1972,0,69209.0,0
2127,Postgraduate,1976,1,17148.0,1
2128,Postgraduate,1969,2,40590.0,1
2129,Postgraduate,1976,1,30560.0,1
2130,Undergraduate,1983,1,32146.0,1
2131,Undergraduate,1964,2,41713.0,1
2132,Postgraduate,1975,1,34176.0,1
2133,PhD,1955,1,58482.0,2
2134,Postgraduate,1965,1,59686.0,1
2135,PhD,1964,1,60896.0,2
2136,Postgraduate,1980,1,62994.0,2
2137,Postgraduate,1957,1,47320.0,2
2138,Undergraduate,1949,0,74859.0,0
2139,Undergraduate,1992,1,15253.0,1
2140,PhD,1974,1,31560.0,1
2141,Postgraduate,1954,1,72071.0,2
2142,Postgraduate,1990,0,91172.0,0
2143,Postgraduate,1984,0,90000.0,0
2144,Postgraduate,1981,2,41967.0,1
2145,Postgraduate,1965,1,69263.0,2
2146,Undergraduate,1970,0,65706.0,2
2147,Postgraduate,1975,1,60934.0,0
2148,Postgraduate,1951,1,71965.0,2
2149,Postgraduate,1955,1,65210.0,2
2150,PhD,1975,0,79174.0,0
2151,Postgraduate,1967,0,81380.0,0
2152,PhD,1973,1,48432.0,2
2153,Postgraduate,1971,1,52914.0,2
2154,Postgraduate,1955,1,38946.0,1
2155,Postgraduate,1974,1,26067.0,1
2156,PhD,1972,1,44325.0,2
2157,Postgraduate,1964,0,42523.0,1
2158,Undergraduate,1978,1,26487.0,1
2159,Undergraduate,1957,1,53233.0,1
2160,Postgraduate,1960,1,67716.0,2
2161,Postgraduate,1972,1,76234.0,2
2162,PhD,1956,0,84117.0,0
2163,Postgraduate,1957,0,65487.0,0
2164,Undergraduate,1972,1,25224.0,1
2165,Postgraduate,1983,0,89616.0,0
2166,Postgraduate,1971,2,40851.0,1
2167,Postgraduate,1947,0,27469.0,1
2168,Undergraduate,1957,0,82347.0,0
2169,Postgraduate,1957,1,73803.0,2
2170,Postgraduate,1952,2,8820.0,1
2171,Postgraduate,1974,0,43322.0,1
2172,Postgraduate,1973,1,55593.0,2
2173,Postgraduate,1954,2,50501.0,2
2174,Postgraduate,1975,2,37085.0,1
2175,Undergraduate,1990,1,16185.0,1
2176,Postgraduate,1969,1,57731.0,2
2177,PhD,1973,1,48432.0,2
2178,Postgraduate,1978,1,73807.0,2
2179,Postgraduate,1990,0,18929.0,1
2180,Postgraduate,1968,2,35893.0,1
2181,Postgraduate,1980,1,61014.0,2
2182,Postgraduate,1954,2,32144.0,1
2183,Undergraduate,1963,1,14918.0,1
2184,Postgraduate,1963,2,45146.0,1
2185,Undergraduate,1955,1,41769.0,2
2186,Postgraduate,1981,0,88325.0,0
2187,Postgraduate,1950,2,38054.0,1
2188,Undergraduate,1995,0,80617.0,0
2189,Postgraduate,1976,1,5305.0,1
2190,Postgraduate,1954,2,36807.0,1
2191,Postgraduate,1983,1,28427.0,1
2192,PhD,1948,0,82032.0,0
2193,Postgraduate,1978,1,22775.0,1
2194,Postgraduate,1985,1,40101.0,2
2195,Postgraduate,1979,1,58025.0,2
2196,Postgraduate,1982,0,75777.0,0
2197,Undergraduate,1979,1,7500.0,1
2198,Postgraduate,1963,3,33562.0,1
2199,PhD,1970,1,57642.0,2
2200,Postgraduate,1968,2,58554.0,2
2201,Postgraduate,1979,2,63777.0,2
2202,Postgraduate,1962,1,57967.0,2
2203,Postgraduate,1972,2,24434.0,1
2204,Postgraduate,1984,1,11012.0,1
2205,Postgraduate,1970,0,44802.0,2
2206,Postgraduate,1986,0,26816.0,1
2207,Postgraduate,1974,1,34421.0,1
2208,Postgraduate,1967,1,61223.0,2
2209,PhD,1946,3,64014.0,2
2210,Postgraduate,1981,0,56981.0,0
2211,Postgraduate,1956,1,69245.0,2
2212,PhD,1954,2,52869.0,1
