cust_id,deals,fruits,wines,sweets,meat,gold,fish
1,3,88,635,88,546,88,172
2,2,1,11,1,6,6,2
3,1,49,426,21,127,42,111
4,2,4,11,3,20,5,10
5,5,43,173,27,118,15,46
6,2,42,520,42,98,14,0
7,4,65,235,49,164,27,50
8,2,10,76,1,56,23,3
9,1,0,14,3,24,2,3
10,1,0,28,1,6,13,1
11,1,16,6,1,11,16,11
12,1,61,194,112,480,30,225
13,3,2,233,5,53,14,3
14,1,14,3,1,17,5,6
15,1,22,1006,68,115,45,59
16,3,5,53,13,19,4,2
17,2,5,84,12,38,28,150
18,2,80,1012,16,498,176,0
19,2,17,4,24,19,39,30
20,1,2,86,38,73,48,69
21,15,1,1,1,1725,1,1
22,3,0,867,0,86,19,0
23,3,0,384,32,102,5,21
24,7,3,270,6,27,99,39
25,2,4,6,12,25,13,15
26,4,4,173,6,30,41,3
27,2,2,36,21,42,10,20
28,1,100,684,66,801,0,21
29,2,4,8,2,10,4,2
30,1,17,112,22,44,89,34
31,2,0,110,0,5,3,2
32,6,12,96,22,96,43,33
33,1,34,482,68,471,22,119
34,1,0,40,1,19,3,2
35,5,17,702,8,151,35,0
36,3,3,6,7,14,36,15
37,2,0,55,0,6,4,2
38,2,8,437,49,206,42,160
39,2,76,421,178,536,102,82
40,2,1,13,0,29,7,3
41,1,0,9,1,6,3,3
42,3,1,3,2,10,12,3
43,1,164,123,30,266,174,227
44,3,18,3,22,14,50,15
45,1,6,13,5,15,13,3
46,9,50,826,38,317,38,50
47,1,19,245,67,125,14,37
48,1,37,650,167,780,32,27
49,2,6,12,1,20,3,30
50,1,120,510,40,550,241,156
51,7,9,328,24,124,109,12
52,1,51,984,120,432,190,180
53,1,35,295,120,482,40,121
54,1,0,13,1,8,5,2
55,3,0,447,0,28,43,0
56,1,26,712,13,538,80,69
57,4,18,452,18,102,6,16
58,4,7,523,14,134,169,37
59,1,0,546,6,48,6,0
60,1,40,398,122,367,30,119
61,1,3,1,6,6,15,3
62,1,0,10,0,1,0,0
63,1,14,688,24,309,38,201
64,1,49,247,82,159,109,7
65,7,59,856,29,487,73,58
66,3,36,496,60,460,12,189
67,4,107,258,37,291,86,84
68,5,6,565,6,65,19,0
69,1,10,14,15,13,9,4
70,1,1,2,1,6,1,2
71,1,111,721,18,925,18,97
72,0,105,1032,105,779,51,137
73,1,0,1,3,5,9,0
74,2,0,577,0,64,51,0
75,4,4,64,5,68,17,7
76,1,1,4,0,5,4,2
77,3,5,25,0,19,23,7
78,1,17,112,22,44,89,34
79,1,23,163,65,424,76,27
80,2,8,17,4,14,3,10
81,5,0,130,0,16,5,0
82,4,6,292,3,37,34,0
83,1,60,350,133,568,145,110
84,1,9,135,0,39,7,4
85,1,2,15,1,10,4,0
86,3,2,27,0,14,0,0
87,1,3,5,5,11,9,12
88,5,0,505,0,26,75,0
89,2,2,51,1,7,2,0
90,1,26,207,0,447,223,75
91,2,46,135,61,92,11,65
92,2,1,53,1,5,10,2
93,2,1,41,0,6,5,2
94,2,172,386,132,183,111,185
95,1,81,562,40,276,81,80
96,1,76,217,26,690,38,50
97,1,3,1,0,6,9,10
98,4,1,144,1,32,7,2
99,4,106,295,98,271,65,75
100,2,3,76,4,31,27,4
101,1,194,454,22,106,43,31
102,1,115,425,35,292,79,23
103,1,17,1332,51,311,86,23
104,3,0,527,0,21,60,0
105,1,44,490,20,125,22,29
106,5,0,378,0,101,72,0
107,2,1,64,1,21,27,0
108,0,99,547,82,812,33,151
109,5,90,47,103,94,120,123
110,2,5,12,9,25,30,0
111,2,6,1,5,7,3,11
112,4,48,320,72,133,48,39
113,3,3,34,4,29,10,0
114,2,0,9,4,7,7,3
115,1,0,17,3,14,2,7
116,0,27,722,72,102,168,44
117,2,33,162,28,124,172,40
118,1,133,450,0,951,216,173
119,2,0,70,0,16,4,0
120,4,19,492,12,110,12,16
121,5,58,120,89,73,58,65
122,5,5,534,5,47,41,0
123,1,106,236,41,189,130,23
124,5,0,220,0,33,23,3
125,1,14,796,44,590,0,38
126,2,1,0,6,3,9,10
127,3,1,53,0,34,16,2
128,2,0,15,2,8,20,4
129,2,1,17,1,12,4,3
130,1,61,962,61,921,20,52
131,2,0,738,20,232,50,13
132,1,28,399,40,756,126,36
133,3,16,614,33,132,33,43
134,3,34,32,16,41,116,73
135,3,16,598,41,141,49,32
136,1,1,2,11,18,16,20
137,1,1,6,1,10,4,0
138,7,3,73,1,90,32,12
139,1,16,42,20,29,8,12
140,1,21,295,13,78,13,39
141,4,17,346,13,48,13,23
142,4,20,233,20,57,91,8
143,4,7,5,14,24,20,19
144,2,0,888,0,57,76,0
145,1,26,997,13,269,42,34
146,3,6,212,12,69,3,4
147,1,1,8,0,7,0,2
148,1,11,42,28,57,14,10
149,1,11,536,91,387,57,149
150,1,0,5,0,3,5,0
151,2,16,1349,16,249,33,43
152,4,3,53,4,49,5,7
153,1,12,1001,12,240,12,16
154,15,2,20,2,1582,1,1
155,3,1,18,3,32,28,6
156,1,16,125,21,98,27,134
157,1,5,212,0,33,2,7
158,1,162,277,76,305,124,173
159,3,10,15,17,19,20,8
160,2,3,7,1,10,7,8
161,2,4,12,8,6,16,11
162,1,7,85,3,24,27,2
163,2,0,81,0,6,6,0
164,1,0,59,0,12,48,0
165,1,71,1149,71,449,26,69
166,1,66,847,89,119,111,86
167,2,0,29,0,14,2,0
168,1,0,2,0,5,1,2
169,1,26,207,0,447,223,75
170,1,3,152,5,22,7,2
171,3,11,12,12,10,9,3
172,1,26,620,17,195,141,34
173,1,1,47,0,6,12,0
174,1,9,1,14,7,10,2
175,1,1,10,4,18,7,10
176,2,0,35,0,2,2,0
177,2,0,356,9,107,117,19
178,1,30,783,76,537,15,140
179,2,1,42,0,18,4,3
180,1,4,1,0,10,36,29
181,1,22,466,113,432,102,147
182,2,3,23,19,21,22,3
183,4,6,235,9,45,12,8
184,2,0,10,1,10,7,3
185,1,16,656,16,106,8,32
186,1,17,519,173,813,51,27
187,1,189,344,33,482,172,50
188,6,1,96,1,79,79,7
189,3,4,448,4,34,39,6
190,1,138,265,23,553,92,224
191,3,43,587,87,337,54,42
192,0,29,763,176,138,58,76
193,2,0,22,0,13,3,0
194,1,4,6,2,1,15,7
195,1,6,7,6,13,14,7
196,6,18,81,13,113,21,47
197,1,0,54,0,7,4,0
198,5,48,1170,32,320,192,42
199,5,24,72,4,68,8,65
200,1,22,613,102,319,12,33
201,8,0,224,0,30,10,0
202,10,0,410,9,59,44,19
203,1,10,239,87,554,54,254
204,6,7,171,19,171,89,25
205,1,0,12,0,4,1,0
206,1,16,1076,48,417,16,42
207,2,4,182,0,33,66,0
208,2,32,824,32,162,43,42
209,1,11,30,1,25,18,29
210,1,10,377,30,540,10,80
211,2,7,520,0,154,14,19
212,4,1,155,1,25,3,0
213,5,23,897,11,207,92,15
214,4,0,131,1,16,39,2
215,2,7,297,11,79,182,0
216,3,20,787,0,204,92,0
217,1,86,792,51,740,17,67
218,1,1,4,0,9,0,3
219,9,7,231,15,137,39,4
220,1,76,983,138,184,27,180
221,1,1,3,3,8,3,4
222,1,4,0,0,5,4,6
223,3,21,562,10,464,32,28
224,2,9,5,8,20,21,6
225,1,0,18,0,4,1,0
226,1,5,415,35,124,11,15
227,4,3,5,7,10,20,12
228,1,61,901,163,757,20,186
229,2,114,382,124,276,38,75
230,1,1,14,1,7,1,2
231,1,153,559,13,503,181,218
232,7,0,789,28,133,152,0
233,2,0,11,0,5,1,0
234,2,16,1218,0,272,80,104
235,2,64,925,12,179,77,133
236,1,134,864,38,768,172,150
237,4,28,960,70,183,70,220
238,2,3,16,1,25,13,6
239,2,3,3,2,7,11,0
240,1,148,168,172,444,148,32
241,2,47,45,20,52,25,21
242,5,28,650,42,353,30,45
243,2,0,24,0,8,1,0
244,3,21,918,10,118,21,13
245,4,33,138,24,87,12,28
246,4,4,12,6,2,10,10
247,1,0,11,0,4,2,0
248,2,2,1,3,8,13,4
249,3,41,554,0,215,24,11
250,4,2,167,13,62,7,24
251,1,0,9,1,6,5,4
252,6,2,177,2,71,20,3
253,4,4,38,2,22,20,4
254,1,84,483,84,398,241,205
255,4,2,77,1,35,69,0
256,1,74,182,149,298,116,162
257,2,7,10,2,19,21,8
258,2,44,778,73,499,146,95
259,3,7,16,8,23,6,0
260,2,0,167,2,43,13,6
261,4,2,13,7,14,4,8
262,3,6,33,7,40,10,3
263,2,7,625,22,99,7,10
264,2,162,216,92,224,162,101
265,1,129,68,22,396,15,188
266,1,0,196,130,512,54,33
267,1,15,635,7,100,131,20
268,3,19,4,25,9,17,28
269,2,7,297,11,79,182,0
270,2,5,84,12,38,28,150
271,1,7,204,15,149,66,20
272,2,0,26,0,8,3,0
273,1,6,15,5,20,20,4
274,1,98,304,74,230,74,150
275,13,28,285,114,242,135,55
276,1,183,395,141,565,28,166
277,3,3,248,3,81,51,4
278,1,6,20,9,5,12,0
279,3,0,39,8,56,14,20
280,1,129,777,21,573,203,216
281,3,3,8,1,22,13,21
282,1,1,9,4,3,8,0
283,3,0,1241,13,80,40,0
284,1,4,6,3,7,8,4
285,1,4,65,4,16,11,0
286,1,15,395,54,263,38,60
287,5,0,801,0,80,35,0
288,4,0,36,2,12,10,2
289,1,14,513,0,154,28,19
290,1,0,37,3,46,0,4
291,3,15,80,13,93,52,20
292,3,1,14,3,21,25,2
293,1,147,525,147,112,63,219
294,1,26,1,23,25,15,17
295,1,11,675,45,400,11,15
296,1,0,509,0,27,10,0
297,1,2,154,4,46,15,20
298,4,5,3,12,14,17,2
299,2,0,25,0,8,2,2
300,1,44,768,44,561,14,77
301,6,0,185,2,28,17,3
302,2,0,24,0,7,1,0
303,2,4,44,0,21,27,6
304,2,64,91,3,128,50,65
305,2,0,11,1,7,6,3
306,3,5,412,29,119,77,38
307,1,3,3,2,7,9,6
308,1,0,16,0,3,1,0
309,5,60,731,12,353,73,78
310,6,17,424,23,118,41,7
311,1,0,792,45,275,126,45
312,3,2,21,2,28,9,3
313,1,1,22,1,11,2,0
314,1,0,33,0,5,0,0
315,4,7,68,5,59,11,10
316,1,1,9,0,6,4,3
317,1,2,40,0,15,6,8
318,2,11,909,0,218,23,0
319,1,1,23,2,13,18,2
320,2,2,11,0,9,8,3
321,1,46,317,46,247,139,151
322,1,153,797,97,293,30,72
323,1,2,10,2,16,21,11
324,1,61,856,25,570,122,40
325,1,19,456,118,832,38,75
326,1,32,37,3,38,18,11
327,3,0,1103,0,45,34,0
328,2,14,378,14,68,14,19
329,1,6,1,1,7,3,0
330,1,34,204,153,204,173,172
331,2,0,30,0,9,3,0
332,1,104,189,189,379,218,111
333,3,0,15,3,12,7,7
334,1,0,9,0,3,4,0
335,4,33,495,33,255,8,11
336,2,80,656,107,455,93,52
337,3,20,452,30,514,0,13
338,1,91,546,0,410,22,119
339,5,0,1048,0,217,12,0
340,2,2,22,1,14,10,0
341,1,0,78,0,11,10,0
342,1,64,561,128,785,48,84
343,1,17,629,0,177,8,69
344,2,15,269,19,69,38,15
345,1,163,736,163,818,61,212
346,3,0,512,0,83,41,0
347,3,3,19,8,10,6,11
348,1,0,9,1,6,5,4
349,7,8,247,8,160,65,6
350,2,0,404,27,92,142,28
351,1,0,333,42,815,29,129
352,2,3,2,11,20,9,6
353,1,33,833,133,549,233,151
354,2,0,789,9,142,38,12
355,1,4,10,6,7,3,0
356,6,4,159,2,45,38,6
357,1,1,7,1,6,11,3
358,4,12,977,12,253,101,16
359,3,4,38,3,22,3,3
360,4,0,57,0,27,36,0
361,1,9,3,2,15,39,13
362,1,4,10,4,14,1,4
363,2,24,1043,24,97,157,32
364,1,9,3,12,13,12,2
365,1,0,11,0,5,1,0
366,1,6,3,2,5,6,0
367,3,12,43,40,96,55,78
368,7,3,73,1,90,32,12
369,1,0,12,0,1,6,0
370,3,7,4,4,7,13,6
371,3,11,314,3,53,107,4
372,4,50,571,50,142,159,33
373,1,0,70,8,11,23,2
374,3,21,866,21,151,86,28
375,0,134,594,134,786,57,33
376,2,4,140,13,61,4,0
377,1,152,375,91,335,81,93
378,1,9,102,9,63,24,2
379,3,35,554,7,113,78,0
380,1,0,919,30,505,45,99
381,4,1,96,3,42,32,12
382,2,2,5,2,16,19,3
383,1,0,2,6,6,5,8
384,4,4,6,36,9,35,6
385,4,1,23,8,25,7,0
386,1,105,610,42,125,21,137
387,5,5,67,8,61,19,3
388,1,36,65,20,74,110,38
389,9,0,416,0,26,4,0
390,1,0,23,2,11,2,3
391,3,3,19,9,26,3,10
392,3,7,155,7,80,10,13
393,1,0,14,3,24,2,3
394,3,9,370,9,92,4,6
395,2,22,4,7,11,32,3
396,4,53,407,150,221,26,58
397,3,0,1200,29,204,14,38
398,3,44,85,78,54,6,102
399,2,34,583,22,309,125,0
400,1,0,483,0,591,12,156
401,3,5,2,6,9,28,28
402,1,26,966,26,282,26,52
403,1,114,822,137,108,114,179
404,9,0,604,0,100,28,19
405,2,3,19,1,19,3,3
406,1,3,5,5,11,9,12
407,1,2,2,1,2,1,2
408,1,68,1076,91,103,68,29
409,0,42,1285,0,716,21,55
410,1,0,10,0,7,1,2
411,1,137,551,103,792,33,179
412,2,0,800,34,297,57,0
413,2,2,2,6,11,12,10
414,2,0,378,172,189,172,97
415,1,16,1248,16,349,16,43
416,5,0,235,4,235,191,19
417,15,47,515,95,181,95,149
418,1,66,438,38,400,114,12
419,2,0,25,3,22,5,2
420,1,0,31,0,7,6,2
421,3,35,357,28,271,14,28
422,2,4,400,0,35,22,6
423,3,0,99,1,15,5,2
424,2,11,1,6,5,9,4
425,1,4,5,0,13,4,8
426,2,28,77,0,31,4,16
427,1,1,3,3,2,1,4
428,1,4,10,4,14,1,4
429,1,6,0,6,3,12,7
430,1,0,0,12,1,5,2
431,2,14,76,5,74,10,13
432,1,190,398,156,537,37,61
433,2,7,14,0,11,5,11
434,2,7,208,66,82,35,30
435,5,16,430,24,322,33,43
436,3,38,656,47,161,37,62
437,1,2,14,2,30,3,8
438,2,70,141,19,106,23,72
439,3,19,507,47,364,9,25
440,7,24,164,3,103,42,12
441,1,24,606,194,974,64,197
442,4,11,116,17,72,46,3
443,2,15,143,23,60,5,24
444,1,96,398,96,447,32,220
445,4,0,522,16,257,66,32
446,1,0,161,191,253,122,199
447,2,0,112,1,6,14,2
448,1,84,483,84,398,241,205
449,2,5,7,15,39,37,17
450,1,25,789,38,420,0,16
451,1,17,1239,34,413,17,23
452,1,1,4,0,5,3,2
453,3,42,335,5,127,5,28
454,3,8,639,8,166,58,11
455,4,76,563,192,384,89,84
456,1,0,2,2,8,3,2
457,7,8,746,8,125,8,11
458,2,1,22,0,13,4,4
459,1,1,4,1,6,9,4
460,4,0,478,75,193,117,110
461,2,3,20,0,4,2,2
462,1,0,451,4,39,24,0
463,4,22,371,0,39,92,6
464,7,7,281,0,84,119,15
465,1,7,19,1,19,24,0
466,1,3,26,10,13,0,2
467,2,15,138,11,35,72,25
468,4,2,213,2,44,5,0
469,1,28,407,74,100,18,120
470,1,74,483,37,114,18,169
471,2,0,738,20,232,50,13
472,2,12,502,6,109,90,16
473,1,0,11,1,5,1,2
474,1,1,24,29,108,14,29
475,2,19,1170,76,594,134,99
476,2,2,185,5,88,14,15
477,1,20,983,50,389,40,240
478,4,0,691,0,69,130,10
479,1,13,504,0,131,26,8
480,3,25,317,19,265,12,25
481,1,1,29,0,9,2,2
482,1,0,1396,35,322,17,46
483,3,0,529,28,356,0,63
484,1,14,388,14,218,21,91
485,2,2,13,0,21,24,4
486,1,0,28,0,4,0,0
487,1,36,16,62,21,108,20
488,2,0,1047,38,140,153,67
489,1,0,31,0,7,6,2
490,2,10,815,10,239,108,28
491,1,162,225,36,387,29,106
492,1,70,493,40,324,84,146
493,1,4,34,10,66,20,3
494,6,138,382,26,65,59,60
495,3,1,127,1,56,31,0
496,1,83,325,58,300,91,86
497,3,17,238,10,68,6,8
498,1,92,1168,129,408,55,72
499,4,0,284,6,55,52,0
500,1,20,1288,61,613,27,80
501,4,0,65,3,46,20,4
502,1,7,11,1,9,11,3
503,1,23,227,21,389,75,42
504,1,134,1035,38,670,0,25
505,2,1,27,0,12,10,2
506,1,73,982,14,351,175,56
507,1,2,179,17,64,58,38
508,1,33,1379,33,216,66,0
509,3,1,32,12,64,85,16
510,1,4,8,6,15,2,7
511,1,38,881,25,319,12,16
512,1,15,141,31,153,35,67
513,1,155,1000,17,379,120,224
514,6,10,206,27,67,71,30
515,4,61,162,57,83,61,97
516,1,54,619,54,260,54,127
517,7,4,456,0,24,9,0
518,2,6,112,9,92,38,3
519,2,3,11,2,22,6,2
520,4,12,172,0,112,15,8
521,1,0,78,0,11,7,0
522,1,151,464,60,292,30,65
523,2,4,99,54,32,6,37
524,3,3,19,5,19,26,4
525,3,9,1,3,8,22,11
526,2,10,63,19,83,19,7
527,2,3,252,3,42,102,4
528,1,19,1478,19,403,0,0
529,2,18,198,108,252,54,32
530,2,4,8,7,10,6,6
531,1,46,416,107,925,46,60
532,1,7,42,12,43,10,20
533,4,3,14,1,21,28,2
534,2,0,17,0,3,1,0
535,2,4,15,4,10,18,3
536,2,16,6,0,24,34,11
537,2,0,458,4,24,34,6
538,1,3,30,21,47,42,19
539,1,28,179,123,520,47,111
540,6,17,90,6,97,15,15
541,2,85,308,45,137,118,102
542,1,129,557,185,761,111,29
543,2,4,7,8,13,17,15
544,1,38,1492,57,287,33,50
545,1,8,30,8,12,12,8
546,0,153,249,134,940,38,58
547,2,25,465,0,132,37,136
548,5,129,129,121,259,83,168
549,3,18,174,6,81,24,28
550,2,2,189,2,29,40,3
551,4,10,747,40,161,42,65
552,1,0,6,0,2,1,2
553,1,0,14,0,3,4,0
554,1,0,12,0,4,1,0
555,5,0,98,10,106,106,49
556,2,0,32,0,5,1,0
557,3,12,51,24,49,24,17
558,1,5,200,10,44,20,0
559,2,6,25,0,25,0,6
560,3,12,1050,0,144,24,0
561,3,0,117,0,22,30,13
562,4,4,9,2,17,7,10
563,2,0,56,0,11,8,0
564,6,13,145,2,46,4,17
565,5,0,203,0,10,2,0
566,7,3,270,6,27,99,39
567,1,0,9,6,16,10,6
568,1,12,37,11,23,52,8
569,2,0,46,0,7,2,0
570,4,1,31,2,13,9,7
571,1,21,1060,0,530,224,32
572,2,47,264,47,188,11,54
573,3,4,399,4,30,30,6
574,1,9,8,5,9,22,2
575,2,0,19,4,35,17,6
576,0,183,817,163,797,20,106
577,1,127,292,127,635,165,132
578,1,6,12,2,2,16,11
579,1,30,130,34,168,0,20
580,3,4,6,10,16,30,3
581,1,12,16,1,18,13,7
582,2,0,19,0,9,2,0
583,3,7,4,9,15,15,13
584,3,3,31,8,31,4,2
585,1,0,36,0,2,4,0
586,3,28,526,21,135,99,10
587,1,32,400,75,519,54,71
588,3,16,410,5,114,49,0
589,4,3,80,2,26,14,4
590,4,10,88,3,46,64,2
591,2,0,55,0,6,4,2
592,1,1,5,5,13,1,3
593,2,4,8,2,5,11,15
594,1,0,410,22,592,22,147
595,2,13,101,18,76,40,20
596,1,25,162,0,53,10,16
597,1,8,2,7,1,15,4
598,2,0,25,0,8,2,2
599,3,91,389,49,248,41,64
600,5,13,215,17,87,24,17
601,2,0,27,0,5,3,0
602,0,1,85,1,16,2,2
603,1,6,5,5,10,10,6
604,5,8,179,11,83,26,19
605,3,0,352,0,27,15,10
606,1,8,17,15,12,32,11
607,1,35,625,17,169,35,58
608,1,6,10,4,11,2,0
609,1,22,390,35,323,107,104
610,2,2,10,1,15,6,2
611,1,63,215,31,507,190,231
612,7,17,1001,125,572,17,93
613,3,18,19,1,33,8,24
614,3,5,41,3,129,3,10
615,2,107,1181,30,199,30,39
616,1,45,603,18,207,54,36
617,5,129,129,121,259,83,168
618,1,24,10,1,15,30,13
619,1,22,514,198,732,79,42
620,1,0,14,0,1,1,0
621,1,20,387,54,713,163,38
622,1,103,121,44,69,48,8
623,5,69,965,41,279,69,54
624,2,21,707,43,250,73,85
625,4,50,571,50,142,159,33
626,1,66,586,0,653,26,17
627,4,89,1063,12,102,25,16
628,2,3,305,3,27,144,4
629,1,105,1200,42,758,147,0
630,7,2,163,11,40,11,8
631,0,181,1009,21,104,207,202
632,1,6,125,4,73,19,8
633,3,0,721,50,152,50,119
634,2,4,315,31,62,146,41
635,0,19,1000,115,711,38,125
636,2,0,16,3,17,6,6
637,5,80,757,80,217,11,29
638,1,2,30,1,25,9,0
639,2,3,219,0,100,17,26
640,0,1,1,1,1,1,1
641,2,3,111,6,28,15,2
642,2,47,45,20,52,25,21
643,1,112,410,82,420,71,0
644,4,1,100,1,39,76,6
645,4,0,509,11,65,5,7
646,1,6,3,2,5,6,0
647,1,53,445,98,213,151,104
648,1,2,2,7,11,11,41
649,1,1,4,2,11,2,6
650,1,1,6,4,7,19,23
651,1,0,14,0,3,3,0
652,2,10,1,3,11,15,19
653,1,0,26,0,6,2,0
654,3,16,111,9,37,18,7
655,3,61,418,51,428,10,80
656,5,9,327,14,122,83,19
657,4,159,371,106,194,141,58
658,2,59,275,101,107,59,69
659,2,0,789,9,142,38,12
660,1,1,1,3,5,1,0
661,3,12,1004,12,145,36,32
662,1,81,187,43,149,91,25
663,4,4,56,1,76,18,17
664,1,32,365,110,117,6,34
665,2,23,595,23,123,154,10
666,1,134,1132,134,384,115,175
667,1,11,34,61,137,45,179
668,2,6,116,6,82,41,6
669,1,32,565,32,435,54,28
670,2,18,372,48,126,78,47
671,1,102,899,102,838,40,133
672,15,16,55,3,1622,4,17
673,1,40,760,40,480,26,0
674,1,86,260,9,559,67,63
675,6,0,459,0,24,4,6
676,1,0,466,49,224,99,119
677,3,15,67,11,80,80,17
678,1,0,2,7,7,10,3
679,3,1,67,2,20,31,0
680,1,4,92,3,18,6,3
681,1,2,4,0,11,4,2
682,3,1,20,3,28,2,3
683,2,11,273,83,178,29,62
684,1,22,434,22,388,34,104
685,3,11,321,26,309,34,33
686,2,123,212,64,177,23,15
687,3,12,909,12,278,242,0
688,1,32,1184,16,352,16,21
689,3,19,112,14,21,5,16
690,2,80,656,107,455,93,52
691,1,0,23,2,8,18,6
692,2,6,537,6,42,30,16
693,3,0,712,0,45,191,0
694,1,1,23,2,13,18,2
695,1,3,1,2,4,6,2
696,4,58,664,0,83,66,32
697,2,10,6,14,21,42,19
698,3,5,299,21,201,49,21
699,3,13,99,8,66,4,43
700,1,40,749,160,294,147,121
701,1,25,345,138,501,80,63
702,2,4,9,5,18,5,7
703,6,81,440,122,368,174,0
704,1,2,8,0,5,3,3
705,2,9,670,28,249,9,0
706,1,0,524,28,134,155,28
707,2,0,6,1,6,1,2
708,1,166,597,166,597,249,172
709,5,0,7,7,12,32,13
710,1,0,54,0,7,4,0
711,1,25,445,76,706,48,80
712,1,142,294,58,218,151,164
713,7,3,292,3,77,26,10
714,1,22,412,28,132,183,59
715,1,0,8,0,3,0,0
716,8,4,349,0,78,43,6
717,7,9,328,24,124,109,12
718,5,2,144,2,99,30,7
719,3,28,1126,28,211,42,37
720,1,0,967,50,617,0,43
721,2,79,432,136,341,170,177
722,1,39,138,18,63,21,55
723,1,0,0,4,1,6,7
724,2,133,509,24,497,97,78
725,4,10,948,21,86,21,13
726,2,2,39,3,25,24,4
727,3,1,28,0,21,10,3
728,2,11,13,8,24,40,13
729,1,26,307,31,360,40,138
730,1,31,901,31,345,191,75
731,3,5,2,8,12,7,4
732,1,17,283,106,372,44,138
733,1,3,4,3,7,11,0
734,1,80,769,34,252,65,15
735,1,42,518,56,742,84,55
736,2,8,350,4,66,4,17
737,1,53,445,98,213,151,104
738,1,178,778,27,689,44,41
739,1,93,709,80,374,80,104
740,1,35,359,116,314,89,93
741,5,12,799,12,375,12,16
742,5,10,895,0,101,152,13
743,2,2,40,4,23,23,0
744,1,0,76,0,7,16,0
745,2,5,11,5,22,11,12
746,2,16,245,43,223,16,21
747,1,107,647,67,391,40,175
748,1,1,39,1,9,34,2
749,1,35,203,17,305,227,46
750,3,3,138,0,38,59,4
751,1,51,587,0,898,86,247
752,1,97,595,133,291,121,127
753,1,12,43,15,23,61,29
754,4,7,301,0,74,58,10
755,2,32,180,32,348,90,76
756,1,115,794,0,243,205,150
757,8,5,392,26,91,112,28
758,3,1,39,4,22,12,3
759,0,2,107,2,12,12,2
760,1,0,13,0,3,0,0
761,2,0,70,0,17,6,0
762,1,11,680,0,392,0,75
763,2,1,26,1,11,4,0
764,2,0,522,120,522,134,227
765,1,12,412,182,546,0,78
766,2,5,6,0,5,5,8
767,1,3,2,1,6,9,4
768,1,3,1,5,8,5,2
769,1,2,6,6,15,3,6
770,2,12,4,16,5,17,3
771,5,2,18,2,19,6,0
772,6,48,324,18,186,198,39
773,6,9,327,4,125,139,25
774,4,27,229,3,71,34,13
775,1,168,521,76,706,61,80
776,1,23,184,23,446,23,30
777,1,8,4,2,11,13,12
778,4,2,183,2,64,12,7
779,2,19,31,14,35,52,26
780,1,3,219,9,60,12,12
781,3,28,479,14,136,35,75
782,3,44,584,8,212,177,46
783,1,91,627,91,597,15,159
784,3,1,24,2,16,5,12
785,4,5,330,27,159,16,36
786,1,1,19,1,10,8,2
787,3,23,28,14,29,47,29
788,1,148,606,148,228,22,15
789,3,43,1039,58,204,29,153
790,6,0,411,0,26,21,0
791,1,1,34,7,19,0,2
792,4,28,161,3,136,45,32
793,7,53,623,17,178,133,23
794,2,26,604,161,470,94,123
795,1,10,3,16,8,32,3
796,2,2,12,1,17,10,6
797,1,174,184,30,256,32,50
798,6,0,393,69,239,69,90
799,0,73,410,161,747,30,76
800,2,9,376,4,83,4,19
801,1,2,7,1,4,4,2
802,3,0,68,157,226,68,51
803,1,14,642,7,49,57,0
804,2,7,8,6,9,12,13
805,1,53,840,71,804,17,23
806,2,10,7,11,13,11,3
807,1,5,464,0,64,37,7
808,1,3,30,21,47,42,19
809,1,38,1492,57,287,33,50
810,1,122,752,153,476,34,39
811,3,15,1279,0,287,15,20
812,2,1,22,1,8,2,2
813,1,28,860,56,409,56,73
814,1,0,3,0,5,1,13
815,1,5,10,1,28,8,11
816,1,16,351,5,156,145,7
817,3,5,421,16,90,10,0
818,2,5,2,18,7,18,0
819,2,1,25,1,9,1,2
820,5,123,336,123,274,141,46
821,2,9,191,6,97,82,0
822,1,50,563,31,774,187,28
823,1,0,31,1,6,8,0
824,2,5,479,17,82,171,7
825,3,6,18,8,15,17,12
826,3,65,91,44,52,28,10
827,4,7,5,14,24,20,19
828,4,14,2,3,28,7,16
829,1,50,362,35,431,54,134
830,1,74,724,55,929,130,97
831,2,91,605,45,399,205,0
832,3,7,547,7,140,63,0
833,2,1,104,9,54,14,13
834,4,2,8,10,15,18,0
835,2,2,224,0,25,110,7
836,3,0,384,32,102,5,21
837,1,54,556,133,845,63,202
838,2,0,24,0,2,9,0
839,3,0,408,0,21,17,0
840,7,199,265,9,303,170,234
841,1,0,34,0,7,0,0
842,3,64,374,25,116,64,84
843,2,2,27,0,10,1,0
844,1,20,600,30,350,33,29
845,2,2,13,1,18,0,6
846,6,2,167,0,89,34,0
847,1,2,0,1,3,5,4
848,6,35,46,41,69,66,84
849,2,39,88,13,78,93,58
850,3,11,243,3,119,15,10
851,3,11,275,7,68,7,25
852,1,0,6,0,4,0,0
853,3,62,121,20,90,125,68
854,2,12,4,7,15,12,19
855,1,0,1308,0,396,0,23
856,2,47,515,66,267,38,62
857,3,0,4,4,16,4,17
858,4,13,48,15,57,25,24
859,1,58,562,16,168,142,43
860,1,22,769,143,500,33,210
861,7,4,379,9,93,98,12
862,2,12,29,1,59,36,19
863,1,68,387,45,569,68,89
864,4,23,12,18,38,7,30
865,3,10,6,15,12,40,3
866,2,1,27,1,14,21,4
867,1,1,9,0,5,1,0
868,2,0,22,5,19,3,6
869,1,102,899,102,838,40,133
870,1,55,889,92,685,129,168
871,4,2,189,5,55,12,0
872,2,0,48,0,2,5,0
873,8,14,230,24,156,58,82
874,2,60,852,36,207,48,78
875,2,3,35,1,20,20,4
876,6,20,205,2,47,56,23
877,1,31,255,56,446,175,40
878,1,0,0,3,1,2,8
879,2,8,437,49,206,42,160
880,2,8,825,0,53,242,11
881,1,58,316,51,161,135,76
882,2,138,756,169,354,61,160
883,3,55,194,0,134,3,15
884,4,17,7,10,18,26,6
885,1,33,183,103,493,57,59
886,2,0,171,1,11,20,0
887,1,101,243,40,405,40,29
888,1,21,181,3,69,96,39
889,5,7,151,7,89,28,0
890,1,92,494,11,391,241,194
891,0,28,464,18,873,37,29
892,1,1,5,0,5,7,10
893,1,0,29,5,29,4,0
894,1,9,102,3,49,12,24
895,1,28,604,28,674,28,91
896,1,12,571,60,523,24,63
897,6,0,953,0,71,174,0
898,2,3,63,9,67,28,8
899,1,29,770,27,890,24,250
900,1,61,398,61,265,53,138
901,1,19,741,9,154,28,50
902,1,19,1478,19,403,0,0
903,2,29,156,32,56,47,30
904,1,64,960,0,464,16,146
905,1,0,38,0,2,6,0
906,1,26,315,12,473,182,220
907,1,20,15,7,25,26,2
908,3,6,19,5,20,12,0
909,1,99,812,149,431,33,237
910,3,28,73,24,217,115,10
911,1,23,372,12,384,108,250
912,1,111,871,55,704,166,145
913,1,152,375,91,335,81,93
914,1,80,760,13,466,80,17
915,1,0,471,21,510,12,99
916,1,9,31,9,27,33,16
917,2,0,819,0,72,63,12
918,1,4,1,9,3,7,8
919,1,35,203,17,305,227,46
920,2,0,26,1,15,2,2
921,1,21,354,75,311,32,167
922,3,0,1253,71,447,35,23
923,3,17,371,24,238,106,23
924,2,7,588,15,76,15,110
925,8,86,480,86,249,144,75
926,2,12,517,6,54,120,16
927,1,98,267,70,606,98,48
928,0,24,1111,45,790,172,160
929,3,7,7,16,14,15,7
930,1,0,1166,0,48,36,0
931,3,42,261,48,144,133,55
932,2,25,135,25,51,46,23
933,1,2,6,8,18,14,2
934,2,28,711,18,142,47,49
935,1,0,11,4,13,11,2
936,3,0,42,0,17,18,0
937,4,7,79,3,58,18,6
938,1,6,20,5,43,38,19
939,1,0,30,0,8,14,2
940,5,2,20,1,23,4,3
941,3,27,115,146,44,139,4
942,4,5,263,41,233,83,69
943,2,2,69,2,15,6,2
944,4,3,267,0,30,57,4
945,2,85,561,123,171,114,25
946,3,0,492,0,37,42,7
947,2,7,14,16,9,12,6
948,5,4,80,17,46,2,0
949,7,12,97,10,84,15,13
950,3,107,197,59,227,131,7
951,1,21,693,24,925,84,31
952,3,2,43,9,27,12,0
953,1,0,14,0,2,7,0
954,6,36,186,72,234,48,86
955,1,137,434,137,400,45,45
956,4,0,59,2,11,5,4
957,3,5,16,7,30,26,8
958,3,35,230,57,75,31,63
959,1,138,829,92,430,15,60
960,1,8,318,35,407,8,150
961,1,55,1206,18,445,18,168
962,7,3,292,3,77,26,10
963,3,9,30,11,12,30,2
964,5,17,729,0,133,195,11
965,1,1,12,0,3,7,0
966,0,1,2,0,1,1,1
967,1,3,22,0,18,11,0
968,3,43,587,87,337,54,42
969,1,168,674,42,108,231,192
970,2,3,284,7,84,23,4
971,1,93,1023,55,651,37,49
972,1,22,1394,91,708,182,89
973,1,26,311,37,640,121,180
974,2,0,27,1,12,5,0
975,1,17,1296,69,311,51,45
976,1,6,3,0,7,3,0
977,5,5,393,5,136,27,7
978,4,63,218,35,282,70,137
979,2,0,66,6,16,20,0
980,1,2,4,0,11,4,2
981,1,0,795,58,545,0,95
982,3,10,15,17,19,20,8
983,3,25,384,41,292,64,130
984,4,8,244,2,32,50,7
985,1,19,158,0,288,38,25
986,1,21,1285,20,449,20,106
987,5,16,349,5,144,182,28
988,2,12,4,13,11,15,3
989,5,2,223,2,31,39,0
990,6,43,157,56,127,37,68
991,2,46,397,38,288,70,20
992,1,31,901,31,345,191,75
993,4,3,14,1,21,28,2
994,1,0,10,0,3,4,0
995,1,0,1230,178,396,158,232
996,1,1,81,1,31,0,2
997,7,20,154,12,66,27,0
998,1,0,63,0,21,12,7
999,3,0,30,0,11,3,0
1000,1,67,90,43,165,11,30
1001,1,114,635,152,254,76,132
1002,1,4,127,6,73,11,15
1003,1,3,13,5,6,6,6
1004,1,42,18,20,24,18,15
1005,3,2,45,1,26,1,4
1006,1,1,38,0,24,0,0
1007,7,36,986,0,168,108,16
1008,1,0,61,0,3,7,0
1009,2,9,4,0,16,12,17
1010,3,53,201,77,172,83,116
1011,1,8,19,12,29,26,0
1012,2,8,4,12,11,26,19
1013,1,0,18,0,2,2,0
1014,5,80,806,11,161,33,120
1015,1,98,380,112,733,28,110
1016,1,172,576,115,961,19,125
1017,1,81,458,50,356,40,106
1018,1,10,5,8,13,16,3
1019,1,60,350,133,568,145,110
1020,2,33,39,26,130,44,41
1021,4,1,26,2,16,15,2
1022,3,0,68,0,16,8,0
1023,1,3,45,4,9,7,4
1024,4,0,359,26,134,123,13
1025,2,24,403,24,29,218,6
1026,3,1,34,0,14,5,0
1027,15,18,73,12,66,2,7
1028,1,30,292,33,415,200,63
1029,1,0,14,0,16,6,0
1030,3,1,80,1,37,3,0
1031,1,11,30,6,33,29,13
1032,1,96,463,53,333,10,168
1033,6,12,75,39,141,187,43
1034,6,13,538,6,91,26,17
1035,1,114,635,152,254,76,132
1036,1,0,8,0,3,1,0
1037,1,22,1315,0,780,178,145
1038,2,2,4,5,12,26,7
1039,1,0,12,0,13,10,2
1040,1,44,347,0,534,26,17
1041,4,5,192,5,53,15,0
1042,1,0,241,0,12,25,0
1043,1,28,631,14,491,56,30
1044,1,28,336,54,282,54,184
1045,11,0,1099,0,45,34,0
1046,2,19,743,0,181,200,12
1047,2,83,124,59,267,35,85
1048,2,0,15,2,8,20,4
1049,1,19,397,0,69,9,12
1050,3,4,10,3,4,14,3
1051,1,117,530,44,678,147,134
1052,8,33,1215,116,249,149,64
1053,1,2,3,4,7,2,0
1054,1,44,444,8,382,17,11
1055,2,0,26,1,15,2,2
1056,6,114,736,76,279,190,82
1057,3,21,473,21,176,56,19
1058,2,0,32,0,5,8,2
1059,1,10,288,10,30,125,4
1060,1,178,1050,138,555,118,77
1061,1,44,1001,44,107,44,58
1062,2,1,9,3,7,2,0
1063,2,14,234,10,77,42,19
1064,1,2,7,0,6,3,2
1065,1,108,251,92,334,117,65
1066,6,10,172,13,125,16,21
1067,1,42,565,83,548,99,64
1068,1,0,5,0,8,0,2
1069,1,57,918,38,842,133,99
1070,4,8,652,0,158,142,21
1071,2,1,4,1,7,2,2
1072,0,27,152,54,103,81,106
1073,1,0,8,1,9,3,2
1074,1,130,336,32,411,43,240
1075,1,19,938,95,843,38,25
1076,2,8,68,8,18,12,19
1077,1,23,227,21,389,75,42
1078,3,4,38,3,22,3,3
1079,3,0,105,1,9,4,2
1080,1,50,162,30,100,27,55
1081,1,8,574,16,216,33,21
1082,1,80,160,39,369,41,67
1083,1,0,6,0,5,1,0
1084,2,35,614,35,160,35,58
1085,0,161,897,161,430,27,186
1086,2,54,70,9,109,45,80
1087,6,19,120,19,206,54,25
1088,2,2,211,7,30,10,7
1089,1,0,11,6,16,21,7
1090,1,53,760,93,400,0,17
1091,1,0,53,0,8,2,0
1092,2,4,7,8,13,17,15
1093,2,32,391,32,70,16,21
1094,7,9,199,21,57,6,20
1095,1,56,516,33,449,16,86
1096,1,45,709,160,115,45,30
1097,1,0,12,0,4,0,0
1098,0,19,1000,115,711,38,125
1099,3,3,19,1,18,0,3
1100,3,28,1224,14,140,168,0
1101,1,2,16,0,18,24,3
1102,1,39,88,28,54,153,64
1103,1,23,2,6,11,46,8
1104,5,11,508,5,59,29,23
1105,2,28,381,28,215,21,84
1106,2,0,74,1,42,6,2
1107,5,0,146,13,93,73,7
1108,1,17,23,20,23,9,43
1109,2,5,110,23,137,29,26
1110,7,3,165,24,147,41,4
1111,4,47,957,47,494,95,82
1112,2,0,41,1,17,16,3
1113,1,3,1,3,4,11,2
1114,1,29,176,33,818,112,0
1115,4,8,815,0,53,70,11
1116,1,1,6,0,2,4,2
1117,1,4,8,3,20,16,6
1118,2,42,717,30,864,84,219
1119,1,138,1067,19,750,39,0
1120,2,5,166,8,107,29,11
1121,3,4,29,4,34,4,2
1122,1,76,714,0,395,12,116
1123,2,4,8,2,10,4,2
1124,2,5,229,2,56,20,3
1125,4,48,320,72,133,48,39
1126,1,0,23,15,26,3,7
1127,2,5,1,8,8,20,4
1128,2,0,56,0,12,18,0
1129,1,124,508,38,249,134,50
1130,4,0,29,2,25,3,2
1131,2,7,46,4,59,27,2
1132,12,0,454,19,171,32,8
1133,2,3,350,0,39,19,0
1134,1,0,10,0,8,9,0
1135,2,40,735,20,183,30,52
1136,3,126,897,112,196,37,91
1137,1,2,5,0,3,5,3
1138,1,35,777,137,731,114,39
1139,2,6,162,13,37,13,6
1140,4,0,35,0,11,2,0
1141,10,9,342,14,112,19,19
1142,1,105,258,172,239,9,237
1143,1,80,658,13,483,13,123
1144,2,80,356,17,329,106,138
1145,1,5,213,7,28,41,7
1146,12,0,454,19,171,32,8
1147,1,4,457,0,29,9,0
1148,1,45,241,26,604,54,34
1149,2,0,210,0,6,2,0
1150,4,35,441,29,83,11,7
1151,1,13,19,7,18,8,10
1152,3,9,28,7,37,13,12
1153,1,75,476,151,162,97,29
1154,1,40,364,60,425,50,158
1155,1,0,0,3,2,8,3
1156,1,6,0,6,3,12,7
1157,1,83,863,99,547,33,86
1158,3,7,349,0,35,47,0
1159,2,23,5,18,15,14,0
1160,3,2,184,8,19,4,8
1161,1,0,8,0,8,2,0
1162,2,21,277,21,64,25,62
1163,3,5,44,4,19,19,0
1164,1,120,1156,144,915,96,94
1165,3,14,373,9,83,19,6
1166,1,8,134,0,76,11,6
1167,3,0,1148,0,60,24,0
1168,5,12,6,6,3,40,21
1169,1,1,4,0,11,1,0
1170,1,4,5,0,8,5,2
1171,2,2,24,2,20,10,2
1172,1,0,899,0,101,20,0
1173,2,1,108,1,28,4,13
1174,1,2,27,2,7,13,0
1175,1,66,816,66,549,99,216
1176,4,0,1298,14,70,42,37
1177,1,0,10,29,11,29,17
1178,1,13,87,6,34,10,10
1179,3,2,57,2,51,23,4
1180,1,15,635,7,100,131,20
1181,1,12,43,15,23,61,29
1182,2,34,964,0,137,11,15
1183,1,8,572,35,259,80,34
1184,3,142,341,151,113,66,259
1185,4,6,63,13,57,22,13
1186,3,104,221,78,169,84,102
1187,2,3,140,5,29,14,4
1188,2,2,1,3,8,13,4
1189,1,10,291,10,689,0,84
1190,3,13,544,6,85,29,8
1191,1,100,684,66,801,0,21
1192,1,12,1,14,9,7,0
1193,1,0,35,0,4,10,0
1194,2,3,87,2,25,13,3
1195,2,3,309,3,24,20,4
1196,2,73,172,78,93,34,95
1197,2,38,625,34,242,76,50
1198,1,59,972,19,913,59,25
1199,5,6,157,13,39,75,6
1200,4,9,48,15,45,20,3
1201,1,83,279,14,88,34,32
1202,5,0,132,0,16,4,0
1203,1,0,919,30,505,45,99
1204,2,0,62,1,22,26,3
1205,3,45,1,6,3,42,4
1206,1,6,2,1,4,9,3
1207,1,61,408,122,109,41,48
1208,2,1,51,1,7,25,2
1209,4,1,62,2,16,6,3
1210,2,12,952,12,180,12,47
1211,1,15,618,7,106,45,20
1212,2,7,11,2,12,27,2
1213,5,3,318,7,17,56,4
1214,3,0,56,0,14,2,0
1215,5,5,110,1,59,7,7
1216,1,0,23,1,11,3,2
1217,3,5,27,3,8,12,8
1218,2,3,18,3,19,6,3
1219,1,0,18,1,9,11,0
1220,4,0,303,147,280,15,60
1221,1,1,97,0,19,11,2
1222,1,15,997,30,414,76,99
1223,1,4,5,0,13,4,8
1224,4,11,95,4,35,7,0
1225,1,6,1,6,2,3,3
1226,2,1,46,0,12,9,3
1227,1,106,411,115,147,66,54
1228,1,51,244,0,270,45,101
1229,4,9,152,12,121,45,12
1230,15,1,1,1,3,1,1
1231,4,17,10,26,18,40,8
1232,1,0,12,0,5,4,0
1233,1,0,5,0,4,1,0
1234,3,19,790,0,133,19,12
1235,1,29,882,29,514,44,38
1236,4,28,615,48,259,30,12
1237,2,59,1004,59,265,27,115
1238,2,27,133,195,421,71,13
1239,2,23,595,23,123,154,10
1240,4,0,293,11,87,23,4
1241,2,15,313,0,47,192,20
1242,2,81,151,91,86,64,168
1243,1,0,15,0,2,6,0
1244,1,63,736,189,946,126,219
1245,2,0,15,2,8,20,4
1246,1,17,982,34,672,51,23
1247,1,51,1142,69,415,37,90
1248,3,0,28,0,11,9,0
1249,2,0,46,2,12,23,0
1250,0,161,897,161,430,27,186
1251,10,6,489,6,152,132,8
1252,3,4,25,8,9,32,6
1253,1,1,145,1,33,1,2
1254,1,26,630,18,611,54,44
1255,2,38,760,9,104,38,50
1256,3,15,420,38,186,15,151
1257,4,17,125,19,52,30,3
1258,8,5,464,0,64,70,7
1259,3,6,6,15,29,8,12
1260,4,12,1090,12,96,60,16
1261,1,2,3,2,11,10,2
1262,2,0,24,30,27,10,8
1263,0,21,737,63,106,210,55
1264,5,6,254,0,71,27,4
1265,1,185,817,55,687,241,145
1266,2,54,620,98,239,119,99
1267,2,4,13,0,20,1,0
1268,2,61,113,26,204,47,34
1269,2,23,7,49,78,144,133
1270,1,2,16,1,18,5,2
1271,2,0,462,0,24,4,6
1272,2,2,22,4,10,34,6
1273,1,147,968,42,842,210,137
1274,2,112,283,72,151,125,51
1275,1,2,1,0,5,3,6
1276,1,1,14,1,7,1,2
1277,2,5,30,3,24,8,6
1278,1,0,4,1,5,5,0
1279,2,0,52,0,9,1,0
1280,2,1,62,11,57,48,19
1281,1,2,20,0,14,10,3
1282,5,7,545,21,114,78,37
1283,1,79,558,175,622,95,207
1284,4,5,6,4,4,25,13
1285,0,1,39,0,9,8,2
1286,0,24,1111,45,790,172,160
1287,1,6,4,3,8,10,6
1288,5,5,183,5,65,49,3
1289,1,72,546,145,376,72,94
1290,5,7,606,0,155,54,10
1291,6,6,266,6,51,64,8
1292,1,29,1142,29,249,14,38
1293,1,0,1074,0,69,46,0
1294,7,51,771,10,154,154,54
1295,2,32,371,58,189,6,0
1296,1,14,556,0,717,43,210
1297,3,5,202,5,74,14,11
1298,5,162,209,162,209,37,41
1299,3,40,35,40,111,12,36
1300,3,0,37,0,17,3,0
1301,4,45,171,10,73,90,59
1302,1,2,12,2,20,5,3
1303,2,4,44,0,21,27,6
1304,1,2,20,6,9,20,4
1305,1,86,779,69,537,138,34
1306,3,6,170,12,97,88,24
1307,2,48,491,105,231,134,112
1308,4,8,173,2,107,176,7
1309,2,10,7,0,13,4,16
1310,6,0,1205,14,235,205,19
1311,1,7,10,3,25,7,6
1312,1,4,97,1,44,18,6
1313,0,11,67,3,26,262,4
1314,1,53,345,75,528,97,98
1315,2,5,6,24,17,46,3
1316,5,57,73,15,100,0,71
1317,3,36,711,96,217,168,172
1318,1,70,774,187,118,93,182
1319,1,0,163,126,480,75,0
1320,2,33,82,30,54,41,71
1321,1,108,358,97,413,32,141
1322,1,2,66,3,40,14,4
1323,1,6,13,3,7,3,0
1324,3,13,139,13,78,36,20
1325,1,0,274,6,21,15,4
1326,3,6,262,10,61,102,0
1327,11,0,1099,0,45,34,0
1328,1,0,32,4,8,18,23
1329,1,4,2,11,2,5,0
1330,2,10,6,14,21,42,19
1331,1,7,6,4,4,6,3
1332,2,46,135,61,92,11,65
1333,3,7,641,30,84,38,0
1334,1,76,714,0,395,12,116
1335,1,73,794,29,573,14,0
1336,1,0,420,64,452,140,182
1337,1,2,1,3,7,11,4
1338,1,12,86,15,75,6,33
1339,1,25,823,29,459,95,124
1340,2,161,231,30,215,53,171
1341,2,15,8,20,27,33,0
1342,1,17,182,70,259,29,77
1343,1,129,557,37,984,18,193
1344,3,1,79,4,31,12,4
1345,6,24,368,0,68,88,38
1346,2,4,6,8,14,22,8
1347,8,15,160,11,196,50,15
1348,1,21,488,108,238,28,56
1349,4,7,691,7,69,23,0
1350,1,10,543,143,205,82,160
1351,3,7,254,0,108,26,20
1352,1,4,5,2,10,7,2
1353,3,19,112,14,21,5,16
1354,1,11,134,2,59,30,15
1355,2,6,143,8,52,17,11
1356,2,4,51,7,24,1,4
1357,2,0,27,0,5,3,0
1358,6,0,459,0,24,4,6
1359,5,8,689,8,167,88,11
1360,4,10,283,13,38,27,0
1361,6,0,347,3,35,7,4
1362,2,13,5,5,14,31,0
1363,3,0,280,0,18,24,0
1364,1,14,95,9,64,38,2
1365,4,10,84,10,34,28,11
1366,1,3,18,0,17,4,3
1367,0,24,992,19,694,119,51
1368,2,1,9,3,7,2,0
1369,1,1,19,0,17,2,2
1370,1,93,709,80,374,80,104
1371,6,0,158,7,76,71,13
1372,3,14,10,2,29,36,4
1373,1,1,25,0,13,3,0
1374,2,4,8,4,12,29,15
1375,2,0,14,0,6,0,0
1376,2,7,622,0,115,15,30
1377,1,0,11,0,3,1,0
1378,2,3,25,5,16,2,8
1379,1,15,635,7,100,131,20
1380,2,64,100,0,79,109,65
1381,4,2,201,5,43,35,3
1382,1,14,642,7,49,57,0
1383,2,1,97,2,41,41,6
1384,3,5,204,0,39,89,17
1385,6,7,513,14,133,14,46
1386,4,3,88,1,21,29,4
1387,4,12,172,0,112,15,8
1388,2,35,329,35,222,43,130
1389,3,13,296,13,104,17,11
1390,4,2,100,1,16,31,2
1391,1,7,422,46,238,15,69
1392,2,16,1218,0,272,80,104
1393,1,1,5,1,7,4,2
1394,1,93,507,40,520,26,242
1395,3,12,52,36,50,55,4
1396,4,56,191,8,139,100,51
1397,1,23,2,6,11,46,8
1398,1,28,68,30,39,41,16
1399,2,4,20,4,10,17,6
1400,3,3,20,4,16,1,0
1401,1,0,7,0,1,0,0
1402,1,172,279,8,74,246,38
1403,4,12,977,12,253,101,16
1404,1,1,30,0,8,3,0
1405,1,1,6,4,7,19,23
1406,3,18,3,8,26,12,11
1407,1,0,14,0,2,7,0
1408,1,1,10,0,7,1,0
1409,2,10,7,6,17,13,8
1410,1,87,33,16,64,74,175
1411,1,0,12,0,13,10,2
1412,1,3,2,2,10,10,11
1413,1,21,693,147,118,42,110
1414,2,3,9,3,15,2,2
1415,5,26,129,67,67,2,3
1416,2,2,16,0,11,16,3
1417,4,2,201,5,43,35,3
1418,1,4,5,2,5,10,4
1419,1,36,14,26,11,35,3
1420,2,12,29,1,59,36,19
1421,3,2,26,5,19,8,10
1422,1,1,9,2,4,3,3
1423,3,0,14,5,23,19,4
1424,3,19,972,26,595,138,180
1425,1,168,966,105,672,126,246
1426,1,27,99,48,102,6,28
1427,1,35,482,160,553,17,72
1428,4,8,714,0,99,47,11
1429,1,54,587,54,348,130,71
1430,4,27,399,8,159,39,58
1431,3,10,56,7,92,25,19
1432,1,151,227,54,573,31,98
1433,1,102,703,58,601,43,0
1434,1,0,37,0,17,3,0
1435,2,13,167,13,180,70,86
1436,1,81,458,50,356,40,106
1437,3,3,91,1,52,31,2
1438,4,8,15,5,16,22,11
1439,0,68,1302,114,731,45,89
1440,2,64,153,64,123,14,116
1441,4,5,508,5,21,10,7
1442,7,59,290,5,177,29,77
1443,1,0,38,0,2,6,0
1444,3,13,2,5,6,11,7
1445,1,0,30,0,10,5,2
1446,4,23,386,41,95,196,54
1447,4,10,443,10,75,48,0
1448,1,31,901,31,345,191,75
1449,1,0,9,0,3,1,0
1450,4,84,846,56,352,42,91
1451,3,3,8,4,9,22,19
1452,4,7,72,1,58,24,13
1453,1,0,29,1,5,5,0
1454,1,24,169,0,553,144,188
1455,2,35,460,12,422,153,33
1456,2,8,69,7,26,12,12
1457,1,14,556,0,717,43,210
1458,1,0,73,1,13,0,0
1459,1,1,112,7,54,36,7
1460,2,0,944,0,60,30,0
1461,7,199,265,9,303,170,234
1462,3,28,526,21,135,99,10
1463,1,3,2,5,12,7,3
1464,2,4,2,5,9,16,10
1465,2,97,378,194,259,34,197
1466,3,25,553,67,142,8,65
1467,1,127,751,15,687,31,20
1468,7,0,406,0,30,8,0
1469,2,89,1449,35,161,107,69
1470,5,17,123,0,171,30,39
1471,10,42,267,42,309,21,55
1472,4,0,209,2,40,15,3
1473,1,172,1259,148,815,33,97
1474,7,35,344,23,178,17,15
1475,2,3,22,5,30,15,0
1476,2,161,247,85,295,47,210
1477,1,0,38,1,12,1,3
1478,6,10,896,10,101,34,13
1479,4,56,931,98,253,14,91
1480,1,12,758,89,385,89,33
1481,7,9,216,9,57,125,20
1482,1,3,2,2,10,10,11
1483,6,15,244,15,108,50,4
1484,13,6,539,6,91,97,8
1485,2,26,1181,13,120,39,17
1486,1,8,750,8,125,26,11
1487,9,5,306,109,109,92,21
1488,6,104,350,151,189,57,197
1489,1,197,331,152,170,35,58
1490,5,16,620,24,165,82,0
1491,1,137,434,137,400,45,45
1492,4,0,57,0,27,36,0
1493,3,76,811,137,428,107,99
1494,1,42,423,197,706,197,73
1495,1,12,2,13,10,30,6
1496,2,51,60,20,87,51,6
1497,5,0,675,7,85,77,10
1498,1,8,30,8,12,12,8
1499,1,1,40,3,40,18,4
1500,2,17,3,1,26,39,20
1501,1,111,910,74,724,55,49
1502,1,98,252,70,827,196,219
1503,1,6,34,4,21,8,11
1504,2,3,19,1,19,3,3
1505,0,1,2,0,1,1,0
1506,12,0,490,28,184,21,10
1507,0,194,332,125,377,57,149
1508,3,8,53,0,17,21,13
1509,1,48,784,176,560,48,42
1510,2,11,7,4,3,20,10
1511,4,43,1171,14,219,47,19
1512,6,7,215,0,33,13,3
1513,4,62,674,26,134,8,0
1514,4,0,57,0,27,36,0
1515,2,36,5,10,7,45,0
1516,6,20,104,15,101,5,24
1517,1,0,9,0,7,4,2
1518,1,82,431,20,441,102,80
1519,3,0,1000,0,76,10,0
1520,3,40,448,0,469,91,80
1521,2,4,33,2,24,5,4
1522,4,72,505,27,270,54,36
1523,1,38,267,165,701,63,149
1524,1,0,14,0,3,1,0
1525,3,0,631,7,115,30,10
1526,1,4,65,4,16,11,0
1527,1,12,10,1,12,20,25
1528,1,4,51,1,50,49,12
1529,2,35,293,59,179,65,46
1530,1,1,11,1,2,6,2
1531,1,1,50,7,27,1,6
1532,1,26,173,71,255,81,35
1533,1,184,423,97,368,21,13
1534,1,30,292,33,415,200,63
1535,5,80,757,80,217,11,29
1536,2,1,12,1,6,5,0
1537,7,2,167,2,44,19,6
1538,1,1,3,0,3,5,8
1539,4,5,30,9,22,28,8
1540,3,88,532,44,168,133,69
1541,2,12,29,1,59,36,19
1542,6,0,411,0,26,21,0
1543,1,3,5,1,4,0,4
1544,1,99,71,121,278,38,185
1545,2,0,46,0,40,3,3
1546,2,11,268,3,88,22,15
1547,4,63,928,12,254,12,0
1548,2,15,459,23,171,31,142
1549,5,0,483,6,108,36,0
1550,11,9,733,19,180,66,12
1551,1,22,1006,68,115,45,59
1552,3,1,34,0,14,5,0
1553,1,120,1156,144,915,96,94
1554,1,4,7,0,23,11,7
1555,6,15,244,15,108,50,4
1556,4,0,233,0,23,12,0
1557,1,3,35,8,67,24,10
1558,1,0,1252,35,465,0,46
1559,1,4,34,10,66,20,3
1560,1,43,255,14,134,24,37
1561,1,1,8,0,5,1,0
1562,1,32,368,43,639,10,13
1563,1,47,255,32,573,15,52
1564,2,8,33,10,10,3,2
1565,1,23,163,65,424,76,27
1566,2,0,15,2,8,20,4
1567,4,12,45,22,52,13,25
1568,1,58,48,66,68,43,16
1569,7,6,158,2,45,2,8
1570,1,160,754,32,625,48,63
1571,2,1,108,1,28,4,13
1572,1,66,199,174,315,41,97
1573,1,7,2,15,5,27,2
1574,3,5,202,5,74,14,11
1575,1,0,85,0,3,7,0
1576,5,3,322,3,50,42,4
1577,5,2,18,2,19,6,0
1578,3,8,141,11,129,47,3
1579,1,107,739,80,309,35,140
1580,1,0,18,3,6,5,3
1581,4,0,378,4,88,73,19
1582,1,108,1083,151,649,108,253
1583,1,12,1016,12,215,63,16
1584,2,1,23,0,6,2,0
1585,2,1,12,2,21,3,2
1586,1,0,35,0,4,0,0
1587,4,31,548,112,422,28,0
1588,5,32,342,32,230,40,34
1589,5,3,365,3,15,11,4
1590,1,19,397,0,69,9,12
1591,1,19,456,118,832,38,75
1592,1,6,5,7,15,13,11
1593,1,185,836,25,575,77,24
1594,4,2,100,7,128,10,23
1595,2,0,10,1,10,7,3
1596,3,115,238,69,215,76,169
1597,1,0,6,1,5,2,2
1598,2,11,158,11,99,17,15
1599,1,12,86,15,75,6,33
1600,7,0,856,9,76,199,12
1601,1,1,98,1,17,5,0
1602,3,16,4,17,20,20,0
1603,1,96,398,96,447,32,220
1604,9,8,313,4,104,126,6
1605,4,18,109,26,16,18,24
1606,2,2,216,0,6,9,0
1607,6,71,595,112,153,41,120
1608,1,133,123,44,142,88,71
1609,3,0,16,2,23,10,3
1610,1,12,11,5,35,12,3
1611,1,112,410,82,420,71,0
1612,3,2,159,2,51,24,6
1613,2,0,105,1,10,0,0
1614,1,1,5,0,8,1,0
1615,2,15,269,19,69,38,15
1616,6,0,629,0,70,35,0
1617,2,5,443,16,71,82,21
1618,1,77,217,23,373,93,111
1619,2,1,24,0,10,4,2
1620,1,1,9,5,5,7,4
1621,1,0,8,3,14,7,2
1622,5,0,1459,15,61,215,0
1623,8,48,230,32,214,75,13
1624,1,3,1,0,6,9,10
1625,1,21,340,14,134,56,258
1626,1,1,7,3,6,3,0
1627,2,7,298,0,68,19,4
1628,1,35,479,7,179,85,28
1629,1,140,267,12,599,127,34
1630,3,4,67,2,32,16,17
1631,3,1,3,2,8,18,23
1632,1,37,980,163,265,31,35
1633,3,4,50,3,28,26,6
1634,0,0,1,1,1725,1,2
1635,2,0,19,0,5,8,0
1636,1,5,30,1,23,4,4
1637,3,9,213,3,76,30,4
1638,1,30,539,46,92,38,80
1639,6,16,284,16,160,134,84
1640,1,34,1003,51,536,34,134
1641,9,13,239,4,143,52,45
1642,4,23,51,0,82,42,33
1643,2,24,527,24,230,65,32
1644,3,5,19,3,12,19,10
1645,1,2,40,0,15,6,8
1646,1,8,21,3,20,9,15
1647,1,30,593,22,91,7,29
1648,3,5,21,1,3,7,10
1649,2,107,1181,30,199,30,39
1650,2,59,1004,59,265,27,115
1651,2,2,202,2,46,10,3
1652,1,107,446,196,768,53,33
1653,1,102,1184,40,673,40,52
1654,1,22,390,35,323,107,104
1655,4,53,726,107,363,161,123
1656,1,8,8,11,22,9,24
1657,4,15,50,15,110,15,39
1658,1,1,1,9,4,10,11
1659,2,0,308,0,73,23,0
1660,1,2,22,4,31,5,7
1661,1,117,690,102,499,88,76
1662,4,5,43,6,28,33,7
1663,4,0,27,0,10,4,0
1664,1,0,6,0,3,1,0
1665,2,7,205,2,41,46,3
1666,1,0,24,1,8,4,0
1667,1,50,667,83,850,83,21
1668,4,7,691,0,61,46,10
1669,4,26,493,80,206,80,116
1670,1,70,493,40,324,84,146
1671,3,5,494,0,82,100,7
1672,1,73,621,48,414,85,78
1673,1,0,9,0,5,7,0
1674,1,6,1,2,2,12,8
1675,1,4,12,6,19,14,12
1676,2,131,243,6,217,26,85
1677,1,1,11,0,4,7,2
1678,0,21,532,20,127,20,26
1679,1,0,29,0,2,1,0
1680,2,91,612,107,520,107,258
1681,5,126,387,45,342,180,0
1682,3,0,56,0,14,2,0
1683,3,8,6,4,19,4,16
1684,6,0,582,0,65,13,0
1685,4,17,6,16,16,42,6
1686,3,6,70,3,69,3,2
1687,4,12,962,24,194,12,16
1688,2,10,112,0,107,20,30
1689,1,0,293,97,124,52,179
1690,1,12,199,12,31,7,3
1691,1,61,1060,20,835,101,80
1692,1,44,940,88,396,58,0
1693,1,2,44,3,11,7,2
1694,1,51,342,35,936,26,207
1695,2,10,2,9,11,20,12
1696,6,12,75,39,141,187,43
1697,2,20,520,81,367,40,39
1698,2,3,5,2,9,6,6
1699,5,5,87,12,71,29,7
1700,4,61,462,53,184,107,10
1701,1,2,2,1,1,2,3
1702,1,44,979,25,935,22,29
1703,1,129,704,74,853,111,120
1704,0,31,861,95,558,79,62
1705,5,3,172,0,115,18,16
1706,3,7,5,4,31,7,15
1707,5,2,194,0,56,0,0
1708,1,7,9,2,13,20,3
1709,4,72,505,27,270,54,36
1710,2,10,533,174,217,195,198
1711,2,0,48,0,14,6,0
1712,1,1,6,4,7,19,23
1713,1,2,18,0,10,25,0
1714,1,147,482,107,509,107,104
1715,1,97,204,118,97,26,21
1716,4,0,1073,14,250,14,153
1717,2,16,245,43,223,16,21
1718,1,21,560,44,442,29,29
1719,4,13,173,3,131,6,32
1720,1,1,22,5,11,3,0
1721,2,1,136,3,12,32,0
1722,5,0,275,23,86,66,10
1723,1,19,56,14,29,25,2
1724,1,23,303,26,751,191,82
1725,2,7,708,0,62,15,0
1726,1,132,324,118,693,88,27
1727,1,5,1,4,3,8,7
1728,1,26,620,17,195,141,34
1729,3,21,312,92,206,149,102
1730,2,86,1493,43,454,43,112
1731,3,21,918,10,118,21,13
1732,5,0,98,10,106,106,49
1733,1,4,3,8,7,11,15
1734,4,0,380,0,47,34,6
1735,3,0,15,3,12,7,7
1736,4,9,3,8,4,7,7
1737,3,2,24,8,23,24,0
1738,2,1,80,6,60,16,4
1739,2,0,31,1,6,5,2
1740,3,120,138,126,204,60,16
1741,3,75,166,107,96,59,119
1742,2,3,12,0,8,17,8
1743,2,3,178,66,85,58,71
1744,1,20,707,60,171,50,65
1745,2,1,5,14,7,11,17
1746,3,71,465,35,250,62,93
1747,1,1,16,0,2,1,0
1748,1,108,358,97,413,32,141
1749,1,9,1,14,7,10,2
1750,2,1,123,0,26,72,2
1751,3,3,40,7,30,11,10
1752,1,9,102,9,63,24,2
1753,1,44,347,0,534,26,17
1754,1,53,376,53,462,53,168
1755,1,0,21,0,3,0,0
1756,5,2,194,0,56,0,0
1757,4,4,64,5,68,17,7
1758,2,0,206,2,46,12,3
1759,1,0,71,0,18,13,0
1760,1,22,71,89,112,29,138
1761,2,4,0,10,7,15,11
1762,3,1,93,4,21,25,0
1763,1,138,920,46,168,30,36
1764,2,17,653,26,170,17,34
1765,5,33,199,3,60,15,8
1766,4,4,153,9,56,31,0
1767,5,0,376,8,38,69,11
1768,1,0,46,1,30,30,12
1769,13,21,600,150,128,128,223
1770,1,115,425,35,292,79,23
1771,3,6,18,8,15,17,12
1772,2,0,52,0,9,1,0
1773,1,22,734,25,350,100,151
1774,1,6,34,4,21,8,11
1775,5,1,135,1,41,67,10
1776,1,0,11,2,10,20,0
1777,1,48,163,45,90,52,0
1778,2,3,29,2,30,9,3
1779,2,26,734,44,70,17,11
1780,1,21,340,14,134,56,258
1781,2,38,453,38,279,183,188
1782,1,0,1073,37,629,37,145
1783,2,0,135,4,10,36,0
1784,9,7,231,15,137,39,4
1785,2,0,18,0,5,11,0
1786,5,16,620,24,165,82,0
1787,0,4,81,2,33,291,5
1788,4,4,12,6,2,10,10
1789,1,51,292,23,981,17,224
1790,1,34,965,86,586,37,89
1791,2,2,27,0,10,1,0
1792,6,30,777,51,163,122,0
1793,1,8,572,62,232,17,23
1794,1,169,438,169,565,70,91
1795,3,69,531,138,300,150,150
1796,1,0,17,0,9,1,0
1797,2,35,402,77,106,42,101
1798,1,27,503,139,419,153,90
1799,3,9,369,14,87,34,12
1800,1,0,5,0,3,1,0
1801,3,17,362,35,398,61,80
1802,2,0,56,0,9,3,0
1803,3,1,79,4,31,12,4
1804,3,84,387,35,141,162,73
1805,2,17,367,188,241,232,104
1806,1,0,15,2,11,9,0
1807,2,6,267,3,54,50,8
1808,1,27,298,24,697,166,216
1809,1,92,674,0,736,92,39
1810,3,14,16,22,36,48,37
1811,2,4,37,9,24,9,16
1812,3,0,159,1,22,31,2
1813,8,17,686,26,142,35,23
1814,3,3,97,7,66,34,12
1815,4,6,63,13,57,22,13
1816,3,5,56,0,24,3,4
1817,1,19,209,142,456,66,160
1818,3,2,198,12,43,20,0
1819,2,15,313,0,47,192,20
1820,11,14,941,58,397,176,76
1821,3,4,86,4,56,7,2
1822,1,48,167,72,602,72,63
1823,2,3,8,2,19,3,0
1824,1,66,389,57,408,85,37
1825,5,7,239,15,119,11,4
1826,1,21,179,21,273,63,0
1827,15,0,5,1,1,1,1
1828,1,6,2,4,28,16,13
1829,3,0,383,4,53,40,6
1830,2,8,2,1,8,9,6
1831,1,27,536,107,590,67,38
1832,1,1,2,1,4,2,3
1833,1,53,322,40,899,53,34
1834,1,169,539,0,816,30,20
1835,1,50,712,38,420,38,65
1836,4,0,1121,12,72,12,0
1837,1,1,68,5,13,13,3
1838,1,4,36,2,18,18,6
1839,1,44,707,58,603,29,95
1840,2,77,174,24,203,97,6
1841,1,35,666,8,124,26,69
1842,1,0,0,2,0,6,6
1843,1,50,162,30,100,27,55
1844,1,70,407,88,239,53,103
1845,1,25,823,29,459,95,124
1846,11,23,488,0,71,59,15
1847,3,0,28,2,13,8,4
1848,1,2,3,0,10,2,3
1849,4,0,284,3,52,20,8
1850,1,142,938,81,754,183,159
1851,2,2,13,2,15,8,2
1852,2,172,412,105,153,57,150
1853,2,1,31,0,8,8,0
1854,6,19,502,6,132,26,0
1855,1,10,18,5,3,0,3
1856,1,8,1,8,6,16,4
1857,3,71,100,94,243,219,108
1858,1,114,407,165,445,203,181
1859,2,9,664,19,240,57,50
1860,3,61,1045,46,338,46,60
1861,1,107,1218,143,304,33,23
1862,2,0,15,1,6,12,0
1863,2,0,128,1,16,4,0
1864,1,49,581,8,157,108,43
1865,1,3,6,1,12,0,6
1866,2,8,185,56,133,12,56
1867,1,1,22,0,9,14,0
1868,1,100,584,83,835,35,65
1869,4,30,355,138,177,30,90
1870,2,10,175,6,110,27,54
1871,1,134,864,38,768,172,150
1872,1,153,957,95,612,153,99
1873,2,6,25,0,16,5,20
1874,8,7,641,0,56,28,0
1875,1,86,273,14,208,43,177
1876,2,21,122,10,43,15,25
1877,1,4,1,0,10,36,29
1878,1,31,1020,63,430,79,62
1879,0,2,6,262,3,3,1
1880,2,14,378,14,68,14,19
1881,2,1,42,0,18,4,3
1882,1,5,15,4,14,11,0
1883,1,7,272,7,80,11,20
1884,3,1,9,1,24,2,2
1885,2,0,279,0,18,9,0
1886,1,61,398,61,265,53,138
1887,4,47,637,19,237,76,12
1888,1,0,45,1,16,6,2
1889,1,1,21,3,9,5,7
1890,1,4,15,0,13,19,0
1891,0,183,493,23,352,28,184
1892,2,40,957,53,175,107,158
1893,1,138,829,92,430,15,60
1894,3,50,1017,50,500,133,65
1895,6,0,953,0,71,174,0
1896,7,0,159,0,120,137,0
1897,1,0,32,4,8,18,23
1898,2,0,23,2,15,7,0
1899,1,42,18,20,24,18,15
1900,1,0,15,0,4,2,0
1901,1,4,23,5,5,23,10
1902,2,193,200,185,100,185,46
1903,0,27,1324,108,119,27,71
1904,1,33,1193,66,281,33,129
1905,3,137,505,22,401,22,104
1906,1,4,2,4,9,5,0
1907,3,0,1103,0,45,34,0
1908,1,61,353,46,753,27,40
1909,1,48,652,84,350,108,94
1910,5,6,379,91,157,91,25
1911,1,4,46,2,36,1,2
1912,2,31,162,17,127,69,8
1913,3,3,8,3,19,8,3
1914,2,3,17,4,18,18,3
1915,2,108,340,38,185,100,130
1916,2,4,8,5,15,3,3
1917,5,22,154,30,202,8,39
1918,3,15,710,0,30,0,20
1919,1,2,8,0,4,1,0
1920,1,2,2,13,4,4,13
1921,1,14,1050,14,322,112,0
1922,1,1,19,2,14,4,3
1923,1,0,22,2,6,6,6
1924,1,83,274,141,216,224,151
1925,2,6,68,6,38,41,3
1926,2,45,344,11,654,114,104
1927,2,193,145,26,459,145,205
1928,1,38,217,85,350,15,111
1929,3,7,18,2,34,3,10
1930,2,8,69,7,26,12,12
1931,1,0,144,0,7,6,0
1932,2,34,256,29,103,49,90
1933,1,72,483,12,567,108,94
1934,1,105,1285,21,653,0,28
1935,1,4,338,8,89,13,11
1936,1,10,605,54,345,32,84
1937,1,0,8,1,7,1,3
1938,5,41,172,6,86,27,45
1939,1,71,448,17,951,17,40
1940,3,4,67,2,32,16,17
1941,3,53,512,179,98,89,81
1942,1,16,1462,0,128,160,0
1943,3,0,20,3,14,1,7
1944,3,4,50,10,44,43,10
1945,1,1,102,0,15,24,2
1946,1,149,499,49,815,49,173
1947,2,35,381,86,172,93,56
1948,2,43,631,76,239,21,128
1949,1,80,526,94,553,53,123
1950,1,26,913,26,376,13,17
1951,2,0,673,47,199,26,37
1952,1,0,23,0,9,12,0
1953,5,33,199,3,60,15,8
1954,2,23,261,23,73,50,4
1955,3,16,111,9,37,18,7
1956,0,4,16,4,12,321,2
1957,2,151,63,19,137,53,153
1958,4,0,58,0,18,10,2
1959,1,1,29,3,17,13,0
1960,1,2,3,1,12,9,0
1961,3,34,28,14,62,44,11
1962,3,3,40,7,30,11,10
1963,0,143,879,143,797,143,106
1964,1,1,62,5,44,22,6
1965,8,7,280,0,81,27,20
1966,1,0,9,1,6,3,3
1967,6,4,182,2,33,42,0
1968,1,2,83,26,101,117,64
1969,3,15,38,8,54,29,3
1970,2,19,228,11,130,51,4
1971,1,37,1092,37,592,55,145
1972,2,15,85,13,27,21,13
1973,0,24,1276,29,746,48,94
1974,1,33,1017,100,417,16,108
1975,2,2,6,1,9,5,2
1976,0,21,448,101,125,62,52
1977,1,23,504,28,117,44,179
1978,3,22,226,31,133,31,41
1979,4,3,239,7,141,23,0
1980,1,38,90,36,67,67,33
1981,1,2,7,2,8,3,3
1982,1,2,4,0,5,0,2
1983,3,17,16,21,19,22,20
1984,1,3,10,0,3,0,0
1985,3,0,68,0,16,8,0
1986,2,0,35,0,13,2,2
1987,3,80,575,93,428,80,208
1988,4,0,315,0,31,91,4
1989,1,2,182,13,49,20,17
1990,3,14,561,14,113,35,10
1991,1,51,587,34,932,86,180
1992,3,1,94,12,33,12,13
1993,1,43,908,194,735,21,40
1994,6,122,228,129,122,30,208
1995,1,112,995,48,417,41,42
1996,1,1,11,1,2,6,2
1997,1,3,3,21,14,10,15
1998,3,1,12,1,16,3,4
1999,2,0,17,0,2,2,0
2000,1,0,8,3,5,6,0
2001,3,4,22,10,17,13,12
2002,1,10,14,7,29,15,4
2003,6,27,106,7,68,5,52
2004,2,57,820,0,242,11,45
2005,2,43,753,10,226,204,69
2006,2,3,13,3,17,3,7
2007,1,1,9,4,3,8,0
2008,1,3,19,2,6,12,4
2009,4,8,520,49,223,42,32
2010,4,17,5,14,17,34,13
2011,2,44,618,17,215,36,0
2012,3,35,315,7,322,143,46
2013,3,1,15,5,23,1,0
2014,4,60,384,101,364,232,119
2015,1,29,110,10,92,145,28
2016,2,17,208,17,76,38,36
2017,4,82,555,61,257,61,93
2018,4,90,240,6,216,24,63
2019,1,0,11,5,36,12,15
2020,1,154,848,61,323,78,201
2021,1,47,202,42,197,149,55
2022,10,89,433,102,650,102,16
2023,2,6,6,5,15,2,10
2024,1,0,37,0,7,3,3
2025,8,37,167,34,64,116,49
2026,3,7,45,25,99,43,4
2027,1,0,129,1,21,7,0
2028,1,0,713,80,264,34,120
2029,2,161,676,44,426,58,210
2030,1,26,450,98,535,26,73
2031,1,2,22,2,12,5,0
2032,6,4,367,4,51,95,6
2033,2,35,526,53,214,35,69
2034,2,0,51,0,16,4,0
2035,1,0,25,0,11,15,3
2036,1,6,28,17,27,39,12
2037,3,159,958,0,447,31,20
2038,3,88,532,44,168,133,69
2039,2,17,724,8,143,196,0
2040,3,0,39,8,56,14,20
2041,1,54,587,54,348,130,71
2042,2,1,29,0,11,0,0
2043,5,80,757,80,217,11,29
2044,2,35,544,151,133,107,23
2045,1,15,40,6,15,7,17
2046,2,33,1245,33,332,16,21
2047,2,1,19,14,20,28,16
2048,1,3,16,1,15,11,2
2049,3,4,376,9,94,24,12
2050,1,178,184,39,178,33,103
2051,1,0,15,2,11,9,0
2052,2,83,124,59,267,35,85
2053,1,120,627,80,414,93,121
2054,2,60,180,54,241,54,13
2055,1,0,14,0,4,8,0
2056,1,3,3,7,24,31,34
2057,2,26,8,9,46,49,38
2058,4,6,293,6,23,92,13
2059,1,12,758,89,385,89,33
2060,3,38,656,47,161,37,62
2061,1,25,196,17,607,49,67
2062,1,73,835,73,380,43,114
2063,2,11,16,0,15,12,2
2064,1,1,9,1,5,4,2
2065,7,7,229,3,140,11,10
2066,1,1,0,1,4,5,15
2067,1,24,121,15,124,42,24
2068,1,102,471,61,125,245,212
2069,4,8,520,49,223,42,32
2070,1,1,26,0,10,1,2
2071,1,132,240,192,445,108,250
2072,5,4,178,4,26,44,8
2073,2,55,1486,0,278,185,49
2074,1,12,1115,12,128,76,33
2075,1,0,29,0,8,6,2
2076,3,0,529,28,356,0,63
2077,2,3,13,4,8,16,7
2078,2,24,934,24,230,36,16
2079,1,7,2,12,11,27,16
2080,2,12,4,16,5,17,3
2081,1,1,62,5,44,22,6
2082,2,35,158,0,179,125,0
2083,3,2,173,2,39,47,3
2084,1,59,830,79,968,19,51
2085,6,10,189,43,253,64,56
2086,1,17,728,8,133,124,11
2087,2,2,7,0,9,2,2
2088,1,4,35,6,17,64,7
2089,5,3,188,3,180,43,20
2090,2,28,742,9,152,57,25
2091,2,7,0,2,5,17,26
2092,2,71,750,10,174,20,13
2093,1,42,816,56,450,154,55
2094,1,2,5,2,8,9,2
2095,2,5,37,8,56,5,12
2096,1,0,4,0,4,5,0
2097,3,2,99,0,11,16,4
2098,4,72,176,21,98,229,136
2099,2,0,54,0,10,2,0
2100,1,15,997,30,414,76,99
2101,2,0,356,9,107,117,19
2102,1,0,1311,89,359,17,46
2103,4,63,890,25,292,12,0
2104,1,0,4,0,2,2,0
2105,1,0,17,3,14,2,7
2106,1,0,960,38,883,0,50
2107,0,1,2,1,2,1,1
2108,3,3,1,30,2,47,20
2109,3,67,240,0,500,163,199
2110,1,11,301,7,61,11,4
2111,5,0,154,11,50,37,6
2112,1,3,2,1,6,9,4
2113,1,12,104,12,48,5,4
2114,4,3,70,2,37,64,4
2115,1,0,2,6,9,2,3
2116,2,2,23,1,11,4,3
2117,5,4,43,0,12,27,8
2118,1,24,4,1,11,25,16
2119,7,7,654,15,92,30,0
2120,1,72,912,36,170,97,47
2121,1,0,25,1,8,4,0
2122,4,4,24,2,22,9,0
2123,4,11,141,14,114,5,15
2124,2,0,71,1,13,0,3
2125,2,1,35,1,16,1,0
2126,2,32,496,48,849,128,229
2127,4,9,9,10,11,16,13
2128,5,0,154,11,50,37,6
2129,1,1,9,5,5,7,4
2130,2,3,26,7,23,3,4
2131,5,8,77,10,44,25,10
2132,1,2,11,2,7,2,4
2133,2,7,576,7,115,7,19
2134,1,15,89,42,89,5,34
2135,3,30,1013,46,399,153,60
2136,1,12,224,12,48,12,4
2137,6,19,200,15,111,19,50
2138,1,73,570,102,614,73,133
2139,2,3,1,1,3,13,8
2140,2,1,62,0,20,7,4
2141,3,69,531,138,300,150,150
2142,0,28,162,28,818,56,0
2143,1,144,675,192,133,241,94
2144,1,4,23,2,10,15,0
2145,1,5,492,5,32,21,13
2146,1,10,918,0,129,129,13
2147,2,155,224,93,155,54,192
2148,3,19,572,38,286,248,50
2149,2,0,626,7,70,28,0
2150,1,37,1074,92,518,129,193
2151,1,68,741,68,689,103,224
2152,5,3,322,3,50,42,4
2153,2,10,254,10,44,227,30
2154,2,6,116,6,82,41,6
2155,3,2,22,2,18,12,0
2156,4,0,516,0,21,5,0
2157,1,36,14,26,11,35,3
2158,3,8,2,14,10,23,12
2159,1,0,28,0,9,0,3
2160,4,142,530,9,217,56,62
2161,1,50,519,0,167,41,130
2162,1,76,611,45,749,26,59
2163,3,67,240,0,500,163,199
2164,2,9,4,2,12,8,11
2165,1,47,671,111,655,15,145
2166,1,1,23,4,7,24,0
2167,1,1,9,2,2,0,3
2168,1,54,556,133,845,63,202
2169,2,80,833,26,363,174,52
2170,4,0,12,2,13,4,4
2171,1,7,56,2,48,18,10
2172,2,8,293,4,124,106,11
2173,7,0,297,0,38,152,13
2174,4,1,39,0,16,3,2
2175,2,11,5,8,16,45,21
2176,4,21,266,8,300,44,65
2177,5,3,322,3,50,42,4
2178,2,124,366,78,156,54,71
2179,1,0,32,4,8,18,23
2180,6,0,158,0,23,18,0
2181,4,129,269,43,495,29,182
2182,4,0,41,0,10,3,0
2183,1,3,3,4,3,15,15
2184,2,0,33,0,5,15,0
2185,6,29,302,0,131,27,32
2186,1,71,519,27,860,53,93
2187,2,2,23,1,17,0,2
2188,1,51,594,55,631,32,72
2189,0,4,12,3,7,5,1
2190,1,2,4,0,5,5,0
2191,2,3,18,3,19,6,3
2192,0,194,332,125,377,57,149
2193,1,1,5,0,8,1,0
2194,4,3,171,24,129,62,26
2195,3,31,270,48,88,22,11
2196,1,26,712,13,538,80,69
2197,4,8,2,8,11,21,3
2198,3,12,21,3,12,3,0
2199,3,6,580,0,58,27,8
2200,6,24,368,0,68,88,38
2201,8,5,457,17,106,53,15
2202,5,7,229,0,137,91,4
2203,2,2,3,0,8,17,20
2204,3,3,24,1,26,23,7
2205,2,10,853,10,143,20,13
2206,1,1,5,4,6,3,3
2207,1,3,3,2,7,9,6
2208,2,43,709,118,182,247,42
2209,7,0,406,0,30,8,0
2210,1,48,908,12,217,24,32
2211,2,30,428,30,214,61,80
2212,3,3,84,1,61,21,2
